News Handle,Tweet Text,Tweets Ago,Compound Sentiment,Positive Sentiment,Negative Sentiment,Neutral Sentiment,Date
@BBCWorld,Kemerovo fire: Who are the victims in the Russia leisure centre blaze? https://t.co/tX0BjbjBtL,0,-0.5719,0.0,0.299,0.701,2018/03/27
@BBCWorld,"RT @BBC_HaveYourSay: Chicago superior? The phenomenon of the media-savvy slam-dunk nun
https://t.co/p6WqsUEDY7",1,0.5423,0.241,0.0,0.759,2018/03/27
@BBCWorld,Kemerovo fire damage seen from inside gutted mall https://t.co/O75q4RgqPx,2,-0.6808,0.0,0.444,0.556,2018/03/27
@BBCWorld,"Twenty million Indians apply for 100,000 railway jobs https://t.co/DzmNwTG5wQ",3,0.0,0.0,0.0,1.0,2018/03/27
@BBCWorld,When is a diplomat really just a spy? https://t.co/b8C7t86gI5,4,0.0,0.0,0.0,1.0,2018/03/27
@BBCWorld,Why bear cubs are spending longer with their mothers https://t.co/LabQd7LPk3,5,0.0,0.0,0.0,1.0,2018/03/27
@BBCWorld,US teen author wins Astrid Lindgren prize https://t.co/X7PfD88XPo,6,0.7906,0.538,0.0,0.462,2018/03/27
@BBCWorld,Argentine government mocked over heterosexuality tweet https://t.co/Ve8pBTidUa,7,-0.3182,0.0,0.277,0.723,2018/03/27
@BBCWorld,".@NATO is reducing the size of the Russian mission to the organisation, in a ""strong message"" to Moscow after Salis… https://t.co/VKb4QKoy1a",8,0.5106,0.148,0.0,0.852,2018/03/27
@BBCWorld,Kemerovo fire: Crowds direct fury at Putin https://t.co/kfzgKL64BQ,9,-0.7269,0.0,0.504,0.496,2018/03/27
@BBCWorld,"RT @BBCNews: ""I was on my own. Just trying to do my best""

Rob Grew - who helped in the aftermath of the Manchester Arena attack last year…",10,-0.3612,0.12,0.192,0.688,2018/03/27
@BBCWorld,"It's 50 years since the death of Yuri Gagarin, the Russian cosmonaut who was the first man to travel into space ??? https://t.co/DB917VJ2Fl",11,-0.5994,0.0,0.151,0.849,2018/03/27
@BBCWorld,"Saying goodbye to 'hell on earth'

After weeks of heavy bombardment thousands of people are being bussed from Easte… https://t.co/2hpW6mVKE2",12,-0.6808,0.0,0.195,0.805,2018/03/27
@BBCWorld,Census 2020: US adds controversial citizenship question https://t.co/NZh16MUPM5,13,-0.2023,0.0,0.205,0.795,2018/03/27
@BBCWorld,Olivia de Havilland: Acting legend loses court battle over TV drama Feud https://t.co/TjsJ9zIHPc,14,-0.743,0.0,0.422,0.578,2018/03/27
@BBCWorld,This 98-year-old sports mascot nun is captivating Americans https://t.co/C6FSNOZQqi,15,0.0,0.0,0.0,1.0,2018/03/27
@BBCWorld,Uber barred from resuming Arizona self-drive trial https://t.co/YTVM9Z0xbM,16,0.0,0.0,0.0,1.0,2018/03/27
@BBCWorld,Mai Khoi: Vietnam detains activist singer after Europe tour https://t.co/x3ls91zSMd,17,0.0,0.0,0.0,1.0,2018/03/27
@BBCWorld,Stephane Audran: French actress dies at 85 https://t.co/ojweEMIH5N,18,0.0,0.0,0.0,1.0,2018/03/27
@BBCWorld,Eurovision-style scoring or new Cold War? https://t.co/uDPu5RHrFX,19,-0.5994,0.0,0.394,0.606,2018/03/27
@BBCWorld,A mountain lion goes for a casual prowl through some homes in California. ? https://t.co/iOXBdnaXRC,20,0.2023,0.141,0.0,0.859,2018/03/27
@BBCWorld,"RT @BBCBreaking: Fire crews were ""out of the loop"" and took two hours to attend after the Manchester Arena attack, a report says https://t.…",21,-0.6705,0.0,0.208,0.792,2018/03/27
@BBCWorld,Nelson Mandela's golden hand casts sell for $10m in bitcoin https://t.co/4Pcaukiv2X,22,0.4939,0.242,0.0,0.758,2018/03/27
@BBCWorld,"RT @BBC_HaveYourSay: The debate online: Where were you for #BlackLivesMatter?
https://t.co/C8aCx0i91W",23,0.0,0.0,0.0,1.0,2018/03/27
@BBCWorld,"""Mad"" Mike Hughes flew his home-made rocket to try and 'prove' the earth is flat. ?? https://t.co/WSkHpfDAcc",24,0.0,0.0,0.0,1.0,2018/03/27
@BBCWorld,Porn stars call for respect after spate of deaths https://t.co/fB8VVLFLBj,25,0.4767,0.256,0.0,0.744,2018/03/27
@BBCWorld,Air New Zealand calls for drone legislation after near miss https://t.co/z9xU80ZNdo,26,-0.1531,0.0,0.138,0.862,2018/03/27
@BBCWorld,Tiangong-1: Chinese space station may hit Earth 'in days' https://t.co/gbl4e9CBvS,27,0.0,0.0,0.0,1.0,2018/03/27
@BBCWorld,Keith Raniere: Leader of Nxivm group charged with sex trafficking https://t.co/9aDhP2YhUu,28,-0.2023,0.0,0.153,0.847,2018/03/27
@BBCWorld,Justin Trudeau apologises for Canada Tsilhqot'in hangings https://t.co/dCObSz45ZO,29,0.2023,0.205,0.0,0.795,2018/03/27
@BBCWorld,Finding closure in the Falkland Islands https://t.co/WqBmBCN1LU,30,0.0,0.0,0.0,1.0,2018/03/27
@BBCWorld,Going from slavery to being a millionaire https://t.co/cDww32MCeT,31,-0.7003,0.0,0.444,0.556,2018/03/27
@BBCWorld,'Smoking' elephant in India baffles experts https://t.co/ciP6a0gr2z,32,0.0,0.0,0.0,1.0,2018/03/27
@BBCWorld,Russia Kemerovo fire: Putin cites 'criminal negligence' https://t.co/JcMnGFEUce,33,-0.7003,0.0,0.492,0.508,2018/03/27
@BBCWorld,Mummy found in Egyptian coffin that was thought to be empty https://t.co/6pufGA6aHK,34,-0.2023,0.0,0.141,0.859,2018/03/27
@BBCWorld,Asia stocks follow US shares up as trade war fears ease https://t.co/jbl00g4Yad,35,-0.4588,0.242,0.345,0.412,2018/03/27
@BBCWorld,"Scientists in Australia have discovered the remains of a mummy in a 2,500-year-old coffin that was previously class… https://t.co/rThVYjYHr9",36,0.0,0.0,0.0,1.0,2018/03/27
@BBCWorld,Mountain lion roams California backyards https://t.co/MdK4WoHdHJ,37,0.0,0.0,0.0,1.0,2018/03/27
@BBCWorld,DR Congo: How one village massacre unfolded https://t.co/p6yOicjleI,38,0.0,0.0,0.0,1.0,2018/03/27
@BBCWorld,Anthony Wong: Hong Kong actor finds brothers after BBC report https://t.co/nKdB4DUm7Z,39,0.0,0.0,0.0,1.0,2018/03/27
@BBCWorld,Flat-Earther launches DIY rocket https://t.co/DUqeiDpE67,40,0.0,0.0,0.0,1.0,2018/03/27
@BBCWorld,Spy poisoning: Australian PM condemns Russian 'recklessness' in UK https://t.co/KtbpyIfeqB,41,-0.7964,0.0,0.47,0.53,2018/03/27
@BBCWorld,RT @BBCNewsAsia: Veteran Hong Kong actor Anthony Wong spent decades looking for the father who left him as child. https://t.co/f2WXL7vvfr…,42,0.0,0.0,0.0,1.0,2018/03/27
@BBCWorld,"RT @BBCNewsAsia: Young women in South Korea are fighting for a new future. 

The #MeToo movement which has highlighted sexual harassment an…",43,-0.7184,0.0,0.24,0.76,2018/03/27
@BBCWorld,"RT @BBCNewsAsia: A train believed to be carrying a senior North Korean official has arrived in Beijing, Japanese media report.

Could it be…",44,0.0,0.0,0.0,1.0,2018/03/27
@BBCWorld,Eastern Ghouta: Saying goodbye to 'hell on earth' https://t.co/A0Q5B8v5Zv,45,-0.6808,0.0,0.365,0.635,2018/03/27
@BBCWorld,Did Martin Luther King predict his own death? https://t.co/VcEoblW4OY,46,-0.5994,0.0,0.328,0.672,2018/03/27
@BBCWorld,Lindi Ortega: 'Music helps me cope with body dysmorphic disorder' https://t.co/IiIj5TsiWg,47,-0.0258,0.182,0.189,0.629,2018/03/27
@BBCWorld,"Linda Brown, centre of Brown v Board civil rights case, dies https://t.co/MunLzyWxC0",48,0.0,0.0,0.0,1.0,2018/03/27
@BBCWorld,Cold War: How do Russia tensions compare to Soviet era? https://t.co/baUYyv2YvF,49,-0.765,0.0,0.423,0.577,2018/03/27
@BBCWorld,"Actor Anthony Wong finds family who never knew him, after BBC report https://t.co/74P0yJj51s",50,0.0,0.0,0.0,1.0,2018/03/27
@BBCWorld,James Packer: Resignation puts focus on 'high-flier' mental health https://t.co/5hytkACnVu,51,-0.296,0.0,0.196,0.804,2018/03/27
@BBCWorld,Brazil's female sports reporters call time on sexual harassment https://t.co/AgJGTDXOiT,52,-0.5423,0.0,0.28,0.72,2018/03/27
@BBCWorld,Yuri Gagarin: First man in space https://t.co/TgmvpPgK1N,53,0.0,0.0,0.0,1.0,2018/03/27
@BBCWorld,DR Congo massacre: 'My daughter was slashed with a machete' https://t.co/78bzi0x7qp,54,-0.2263,0.0,0.174,0.826,2018/03/27
@BBCWorld,RT @danroan: Here’s Cricket Australia ball-tampering investigators Iain Roy &amp; Pat Howard arriving at team’s luxury Cape Town hotel where pl…,55,0.0,0.0,0.0,1.0,2018/03/27
@BBCWorld,"RT @BBCSport: 'It doesn't matter what they achieve in their careers, this Australia team will be remembered for cheating.' ? https://t.co/q…",56,-0.0191,0.0,0.054,0.946,2018/03/27
@BBCWorld,'North Korean train' in Beijing fuels rumours of Kim Jong-un visit https://t.co/iOWYdx3eTI,57,0.0,0.0,0.0,1.0,2018/03/27
@BBCWorld,Stormy Daniels: White House 'strongly' denies Trump's alleged affair https://t.co/zUuenyOO0v,58,-0.4215,0.0,0.237,0.763,2018/03/27
@BBCWorld,RT @BBCJonSopel: More than a Stormy in a tea cup - my blog on the #StormyDanielsInterview on #60 minutes  https://t.co/xGroTNbBCH,59,0.0,0.0,0.0,1.0,2018/03/27
@BBCWorld,"RT @BBCJamesCook: The White House says the president doesn't believe that Stormy Daniels was threatened. Asked why not, his spokesman repli…",60,-0.4588,0.0,0.13,0.87,2018/03/27
@BBCWorld,Kemerovo mall fire: How party turned into nightmare https://t.co/A4fz582Aau,61,0.0772,0.223,0.198,0.579,2018/03/27
@BBCWorld,"Paris murder of woman, 85, investigated as 'anti-Semitic' https://t.co/nWaZHYUKM9",62,-0.6908,0.0,0.37,0.63,2018/03/27
@BBCWorld,Rapper attacks 'racist' Heineken ad https://t.co/p9nCL3qLbm,63,-0.4404,0.0,0.367,0.633,2018/03/27
@BBCWorld,"Fired Vancouver waiter: I'm not rude, just French https://t.co/8zLfFKZdp8",64,-0.2778,0.19,0.275,0.535,2018/03/27
@BBCWorld,RT @BBCSport: An Icelandic cartoonist can't sell T-shirts featuring the chant made famous by football fans because the word has been tradem…,65,0.0,0.0,0.0,1.0,2018/03/27
@BBCWorld,Rhino census begins in India's Kaziranga National Park https://t.co/mLmy1vql0u,66,0.0,0.0,0.0,1.0,2018/03/27
@BBCWorld,Facebook faces Federal Trade Commission privacy inquiry https://t.co/WUM4Xxo4VR,67,0.0,0.0,0.0,1.0,2018/03/27
@BBCWorld,José Filomeno dos Santos named suspect in $500m fraud case https://t.co/vSmAhmzrmT,68,-0.7184,0.0,0.4,0.6,2018/03/27
@BBCWorld,"RT @BBCNews: UK PM Theresa May says 18 countries have announced they will expel ""more than 100 Russian intelligence officers"" in response t…",69,0.0516,0.115,0.107,0.778,2018/03/27
@BBCWorld,Marvia Malik - Pakistan TV airs first transgender anchor https://t.co/vMNLTzOePR,70,0.0,0.0,0.0,1.0,2018/03/27
@BBCWorld,"RT @BBCSteveR: Russian foreign ministry calls mass expulsion of Russian diplomats an ""unfriendly step...provocative gesture"", accuses those…",71,-0.5994,0.0,0.246,0.754,2018/03/27
@BBCWorld,"RT @BBCBreaking: ""Today 14 member states have decided to expel Russian diplomats"" - @eucopresident Donald Tusk on co-ordinated action again…",72,-0.4404,0.0,0.139,0.861,2018/03/27
@BBCWorld,"RT @BBCBreaking: Germany &amp; France are each expelling four Russian diplomats &amp; other European countries are following suit, over nerve agent…",73,-0.3818,0.0,0.115,0.885,2018/03/27
@BBCWorld,US to expel 60 Russian diplomats https://t.co/qpmLPruQGq,74,-0.4404,0.0,0.326,0.674,2018/03/27
@BBCWorld,RT @BBCBreaking: Sixty Russian diplomats in US being expelled amid co-ordinated response to poisoning of Russian ex-spy in UK https://t.co/…,75,-0.7003,0.0,0.244,0.756,2018/03/27
@BBCWorld,Billion euro cyber-suspect arrested in Spain https://t.co/QW2FOrffB7,76,-0.4767,0.0,0.341,0.659,2018/03/27
@BBCWorld,"Is Turkey going too far to stop migrant boats?

The Turkish coastguard is paid by the EU to stop them but questions… https://t.co/UrMB6Un0cV",77,-0.296,0.0,0.132,0.868,2018/03/27
@BBCWorld,Russia Kemerovo fire: Shopping centre exits 'were blocked' https://t.co/ys6gQAy4Dz,78,-0.5423,0.0,0.391,0.609,2018/03/27
@BBCWorld,Protesters clashed with police in Barcelona on Sunday after former Catalan President Carles Puigdemont was taken in… https://t.co/O5U6vbpv5j,79,-0.2263,0.0,0.101,0.899,2018/03/27
@BBCWorld,RT @BBCKarishma: When Goliath stands to lose every time - my take on the Uber Grab deal  https://t.co/2ZKFsmCh42,80,-0.4019,0.0,0.144,0.856,2018/03/27
@BBCWorld,"RT @BBCNewsbeat: Rapper Killer Mike has apologised to March For Our Lives organisers.

It comes following an interview he did with the NRA…",81,-0.5994,0.052,0.161,0.787,2018/03/27
@BBCWorld,Trademark row over Iceland football chant https://t.co/JTOCg2ua6s,82,0.0,0.0,0.0,1.0,2018/03/27
@BBCWorld,France attack: Lakdim's girlfriend 'known to security services' https://t.co/PxH4PXFHpr,83,-0.1779,0.192,0.248,0.56,2018/03/27
@BBCWorld,Malaysia seeks 10 year-jail terms for 'fake news' https://t.co/dYlJpGkpYk,84,-0.4767,0.0,0.279,0.721,2018/03/27
@BBCWorld,Russian ambassadors 'summoned by EU neighbours' https://t.co/AL4RC4BIkn,85,0.0,0.0,0.0,1.0,2018/03/27
@BBCWorld,RT @bbcweather: Did you see the pictures of orange #snow across parts of eastern Europe over the weekend? It's caused by sand from Sahara d…,86,0.0,0.0,0.0,1.0,2018/03/27
@BBCWorld,"RT @BBCSport: A former Australia cricket coach has said it would be ""highly unusual"" if current coach Darren Lehmann was unaware of his pla…",87,-0.2023,0.0,0.076,0.924,2018/03/27
@BBCWorld,RT @BBCSport: Steve Smith has stepped down as captain of Indian Premier League side Rajasthan Royals following the ball-tampering controver…,88,0.0,0.0,0.0,1.0,2018/03/27
@BBCWorld,"RT @BBCSteveR: Today's edition of Russia's army newspaper reports that RT's editor-in-chief held a ""master class"" for the Russian military:…",89,0.0,0.0,0.0,1.0,2018/03/27
@BBCWorld,Uzbeks told to tend their gardens or face triple tax https://t.co/eA89P1BYSV,90,0.0,0.0,0.0,1.0,2018/03/27
@BBCWorld,Remington: US gunmaker files for bankruptcy https://t.co/s8h7V8SgYF,91,0.0,0.0,0.0,1.0,2018/03/27
@BBCWorld,"'I was told I had to fight until I died'

Children caught up in Yemen's war tell their stories to @bbclysedoucet (T… https://t.co/gNGPbpYTgQ",92,-0.8779,0.0,0.359,0.641,2018/03/27
@BBCWorld,'It's embarrassing we're called cheats' https://t.co/fY7b0gwLA8,93,-0.6597,0.0,0.574,0.426,2018/03/27
@BBCWorld,"RT @BBCBreaking: 64 people now known to have died in Russian shopping centre fire - emergencies minister says

https://t.co/u2QYvVLpQW",94,-0.7184,0.0,0.273,0.727,2018/03/27
@BBCWorld,Sperm race funds rare New Zealand bird's survival https://t.co/im8qQ16vnf,95,0.0,0.0,0.0,1.0,2018/03/27
@BBCWorld,Stormy Daniels says she was threatened to keep quiet about an alleged sexual encounter with Donald Trump in 2006 https://t.co/x98Sy9P6Xz,96,-0.4588,0.0,0.136,0.864,2018/03/27
@BBCWorld,Alphons Kannanthanam: India minister's 'naked' visa claim criticised https://t.co/sleXi9vdHE,97,-0.4215,0.0,0.259,0.741,2018/03/27
@BBCWorld,India PM Modi app sparks social media furore https://t.co/ug8UtRIgxW,98,0.0,0.0,0.0,1.0,2018/03/27
@BBCWorld,Uber is selling its South East Asia operations to rival Grab https://t.co/Rd0i6yaW98,99,0.0,0.0,0.0,1.0,2018/03/27
@CBSNews,"WATCH: A mountain lion took a romp through a Southern California neighborhood, hoping fences and forcing residents… https://t.co/LwMerFuBFq",0,0.4215,0.167,0.0,0.833,2018/03/27
@CBSNews,"RT @CBSThisMorning: Former President Jimmy Carter said he watched ""with great attention"" as various #MarchforOurLives rallies, led by Flori…",1,0.6249,0.186,0.0,0.814,2018/03/27
@CBSNews,"Former President Jimmy Carter sees ""no threat"" to the 2nd Amendment from March for Our Lives youth:… https://t.co/iBihfUJdQG",2,-0.6808,0.0,0.259,0.741,2018/03/27
@CBSNews,"Two Louisiana officers who fatally shot a black man in 2016 won't be prosecuted in the death, Louisiana Attorney Ge… https://t.co/HC3nxo3x1p",3,-0.7855,0.08,0.297,0.623,2018/03/27
@CBSNews,"As the Stormy Daniels saga continues to unfold, attorney Michael Avenatti has attracted attention in his own right;… https://t.co/mFXIaAZTyh",4,0.4215,0.135,0.0,0.865,2018/03/27
@CBSNews,"NEW: Baton Rouge officers who shot Alton Sterling will not be charged in his 2016 death, Louisiana attorney general… https://t.co/xD1XiIaeJi",5,-0.5119,0.068,0.166,0.766,2018/03/27
@CBSNews,WATCH LIVE: Louisiana attorney general gives an update in the investigation into the 2016 shooting death of Alton S… https://t.co/jeltBQyfy4,6,-0.5994,0.0,0.17,0.83,2018/03/27
@CBSNews,"William Strampel, former Michigan State University dean, is accused of storing nude photos on his work computer:… https://t.co/SB3h54WcrC",7,-0.296,0.0,0.115,0.885,2018/03/27
@CBSNews,A former New Orleans Saints cheerleader has filed a discrimination complaint against the NFL team:… https://t.co/UmJLminh6x,8,-0.0772,0.118,0.137,0.745,2018/03/27
@CBSNews,Retired Supreme Court Justice John Paul Stevens is calling for the repeal of the Second Amendment to allow for sign… https://t.co/2ybq1Xb7iF,9,0.836,0.331,0.0,0.669,2018/03/27
@CBSNews,NTSB releases its preliminary report on the deadly helicopter crash in New York's East River:… https://t.co/Vau9LOAVQZ,10,-0.4019,0.0,0.153,0.847,2018/03/27
@CBSNews,NEW: An arrest has been made in Washington State in connection with a series of suspicious packages that were found… https://t.co/ALMTbpl21N,11,-0.5994,0.0,0.214,0.786,2018/03/27
@CBSNews,Kushner lawyer: White House counsel has concluded there are no issues involving Jared Kushner amid loan probe… https://t.co/uYilBEUzSM,12,-0.296,0.0,0.115,0.885,2018/03/27
@CBSNews,"Hard numbers:
10: Malaysian gov't proposes 10-year jail term for publishing ""fake news”
6: Since 1979, only 6 cabin… https://t.co/TKNlmhJ8Px",13,-0.5423,0.0,0.209,0.791,2018/03/27
@CBSNews,Venezuela’s government is using food as a political too. Here’s what you need to know: https://t.co/MHnJFseKXr (… https://t.co/uzajJq9jti,14,0.0,0.0,0.0,1.0,2018/03/27
@CBSNews,"The leader of a secretive group turned female followers into brainwashed ""slaves"" who were branded with his initial… https://t.co/lwDXPhhebR",15,0.0,0.0,0.0,1.0,2018/03/27
@CBSNews,"""I think the distortion of the 2nd Amendment has been a mistake,"" former President Jimmy Carter tells… https://t.co/u2RZlwCjbi",16,0.0,0.0,0.0,1.0,2018/03/27
@CBSNews,Facebook whistleblower Christopher Wylie says a Canadian firm worked on software to find GOP voters ahead of the 20… https://t.co/5RtK3TK9zJ,17,0.0,0.0,0.0,1.0,2018/03/27
@CBSNews,"How Facebook was able to collect Android phone and text logs:
https://t.co/hMnE6mSHiG https://t.co/whLkDREShL",18,0.0,0.0,0.0,1.0,2018/03/27
@CBSNews,"RT @CBSThisMorning: ""I've offered to President Trump directly, on 2 occasions, since he's been to office, that I would be glad to help in a…",19,0.6908,0.213,0.0,0.787,2018/03/27
@CBSNews,"RT @CBSThisMorning: ""I think President Trump has shown, for the first time, a willingness to stand up against the policies of Russia. I thi…",20,0.2732,0.091,0.0,0.909,2018/03/27
@CBSNews,"RT @CBSThisMorning: ""I think most people want a president-- whom they trust to tell the truth always, and who has some basic moral values,…",21,0.7334,0.264,0.0,0.736,2018/03/27
@CBSNews,A cat who was stuck on a telephone pole for days has been rescued after his owner recognized him on a live stream t… https://t.co/clrPmq8HRs,22,0.2023,0.113,0.081,0.806,2018/03/27
@CBSNews,"Leslie Odom Jr. shot to fame for his role as Aaron Burr ""Hamilton."" In his new book "" Failing Up: How to Take Risks… https://t.co/KNKGWLhPa8",23,-0.1027,0.103,0.117,0.78,2018/03/27
@CBSNews,Former President Jimmy Carter says he believes U.S. talks with North Korea could lead to the reclusive country's de… https://t.co/SSz6mmvFKo,24,0.0,0.0,0.0,1.0,2018/03/27
@CBSNews,"AHEAD on @CBSThisMorning: Leslie Odom Jr. is a Tony and Grammy-winning actor and a performer, but his success, he s… https://t.co/vtZBZeNazc",25,0.7227,0.219,0.0,0.781,2018/03/27
@CBSNews,Former President Jimmy Carter says he believes U.S. talks with North Korea could lead to that country’s denucleariz… https://t.co/iuXiOFpMqh,26,0.0,0.0,0.0,1.0,2018/03/27
@CBSNews,Here’s a look at some of this morning’s other headlines on @CBSThisMorning: https://t.co/m1N8aLyHGX,27,0.0,0.0,0.0,1.0,2018/03/27
@CBSNews,Could President Trump's attorney face criminal charges for Stormy Daniels payment?https://t.co/GYh2ryAZbU https://t.co/5jmDtqj7Q8,28,-0.6705,0.0,0.355,0.645,2018/03/27
@CBSNews,Sting composed a theme song for a new show in Rome that brings history to life. The production uses special effects… https://t.co/9t2WLvGF3A,29,0.4019,0.124,0.0,0.876,2018/03/27
@CBSNews,Uber’s test of self-driving vehicles was suspended in Arizona after someone was killed by an autonomous car. The CE… https://t.co/nTScnxwNj4,30,-0.8225,0.0,0.297,0.703,2018/03/27
@CBSNews,A visit to the Chinese capital by mysterious train has fueled speculation that North Korean leader Kim Jong Un carr… https://t.co/umoMzERL6T,31,0.0,0.0,0.0,1.0,2018/03/27
@CBSNews,Stormy Daniels is now suing Pres. Trump’s personal attorney for defamation. The suit claims Michael Cohen damaged D… https://t.co/USJjpY8ZMB,32,-0.6124,0.0,0.227,0.773,2018/03/27
@CBSNews,A mysterious train to Beijing is fueling speculation that North Korean leader Kim Jong Un carried out secret talks… https://t.co/av8WuWOT9K,33,0.0,0.0,0.0,1.0,2018/03/27
@CBSNews,"Does the expulsion of 60 diplomats signal the end of President Trump's ""illusion"" about Russia?… https://t.co/BQqHRU8Em7",34,0.0,0.0,0.0,1.0,2018/03/27
@CBSNews,Here’s a look at some of this morning’s other headlines on @CBSThisMorning: https://t.co/wUhUCK0bYM,35,0.0,0.0,0.0,1.0,2018/03/27
@CBSNews,"AHEAD on @CBSThisMorning: Baseball’s race to bring in the perfect infield dirt by opening day, and go behind the sc… https://t.co/ME0UHifrsz",36,0.3182,0.147,0.096,0.757,2018/03/27
@CBSNews,"Former President Jimmy Carter says choosing John Bolton as national security adviser is the ""worst mistake"" Preside… https://t.co/f3RxHuCkXC",37,-0.6249,0.1,0.272,0.628,2018/03/27
@CBSNews,A CBS News investigation has uncovered a scheme that could make health insurance premiums increase. Rural hospitals… https://t.co/baB2mR5xXe,38,0.3182,0.133,0.0,0.867,2018/03/27
@CBSNews,COMING UP on @CBSThisMorning: We first told you Monday about one lab owner taking advantage of higher insurance rei… https://t.co/D2JEfURY1n,39,0.25,0.095,0.0,0.905,2018/03/27
@CBSNews,A Chicago White Sox groundskeeper is back at work after spending 23 years in prison for a crime he did not commit… https://t.co/vLmryGSpc7,40,-0.7783,0.0,0.264,0.736,2018/03/27
@CBSNews,A group of 37 attorneys general have sent a letter to CEO Mark Zuckerberg demanding answers about Facebook's user p… https://t.co/dM16X4NBSL,41,-0.2263,0.0,0.095,0.905,2018/03/27
@CBSNews,"Here are three things you should know this morning:
1?Census citizenship question
2?WH probes loans to Kushner's bu… https://t.co/KfouhNIkbO",42,0.0,0.0,0.0,1.0,2018/03/27
@CBSNews,"Michigan State official arrested amid Larry Nassar probe, sheriff says https://t.co/T671N6jKVi https://t.co/5mParGkkYJ",43,-0.4767,0.0,0.22,0.78,2018/03/27
@CBSNews,More protests and a community meeting with lawyers are planned in Sacramento today over the police shooting death o… https://t.co/sl5HnrJY7s,44,-0.7264,0.0,0.264,0.736,2018/03/27
@CBSNews,"Former President Jimmy Carter calls Pres. Trump’s choice for his new national security adviser his ""worst mistake""… https://t.co/ORJMCQd2gm",45,-0.4019,0.107,0.182,0.711,2018/03/27
@CBSNews,Adult film star Stormy Daniels is now suing Pres. Trump's personal lawyer. She described the alleged affair with Tr… https://t.co/tSFV9tsj6O,46,-0.2732,0.0,0.1,0.9,2018/03/27
@CBSNews,"The Commerce Department says the 2020 U.S. Census will include a question about citizenship status, a move that bro… https://t.co/fT7Uaz3pbH",47,0.0,0.0,0.0,1.0,2018/03/27
@CBSNews,U.S. officials want to know who sent suspicious packages to military bases and other locations around Washington D.… https://t.co/8ZIFSzwKtk,48,-0.296,0.062,0.12,0.817,2018/03/27
@CBSNews,Russia promises to respond harshly to an unprecedented international rebuke. More than 20 countries announced Monda… https://t.co/Z851I8Hi6x,49,0.3818,0.14,0.0,0.86,2018/03/27
@CBSNews,A visit by a mysterious train to Beijing is fueling speculation that North Korean leader Kim Jong Un carried out se… https://t.co/J11C08syMQ,50,0.0,0.0,0.0,1.0,2018/03/27
@CBSNews,The ex-boss of Larry Nassar is now in jail. Dr. William Strampel was Michigan State University's dean of osteopathi… https://t.co/fjrPXni0uk,51,0.0,0.0,0.0,1.0,2018/03/27
@CBSNews,"""Sex and the City"" actress Cynthia Nixon is challenging the New York Gov. Andrew Cuomo in the Democratic primary --… https://t.co/vrjkXTsNFQ",52,0.1531,0.074,0.0,0.926,2018/03/27
@CBSNews,"A toxicology report from Prince's autopsy shows he had what multiple experts call an ""exceedingly high"" concentrati… https://t.co/ElZbUzdcWM",53,0.0,0.0,0.0,1.0,2018/03/27
@CBSNews,"RT @CBSThisMorning: THIS MORNING:
? @DrLaPook on MSU dean's arrest
? @Tim_Stevens discusses Waymo and the next steps in self-driving cars
?…",54,-0.34,0.0,0.112,0.888,2018/03/27
@CBSNews,"Do you have faith in Pres. Trump? ""I have been concerned at some of the things he's decided ... I think John Bolton… https://t.co/KNkkv6Atnh",55,0.4215,0.113,0.0,0.887,2018/03/27
@CBSNews,The student who fatally shot a female classmate last week at a Maryland high school died from a self-inflicted guns… https://t.co/gCXLYgpVnB,56,-0.8316,0.0,0.328,0.672,2018/03/27
@CBSNews,WATCH LIVE: Cambridge Analytica whistleblower Christopher Wylie testifies in the U.K. https://t.co/Z5TWMZN4Wh https://t.co/pmX6mpdE3s,57,0.0,0.0,0.0,1.0,2018/03/27
@CBSNews,AHEAD on @CBSThisMorning: @benstracy is in Beijing with new clues about a mysterious visitor from North Korea. Ther… https://t.co/CQSu5fsWRK,58,0.0,0.0,0.0,1.0,2018/03/27
@CBSNews,Global use of antibiotics soars as resistance crisis worsens https://t.co/wG8fwijPG1 https://t.co/70wV8bVGiK,59,-0.802,0.0,0.444,0.556,2018/03/27
@CBSNews,"Prince died from sky-high levels of fentanyl, report shows https://t.co/AORbt270nj https://t.co/KlBjzBl9Fw",60,-0.5574,0.0,0.265,0.735,2018/03/27
@CBSNews,Why New York's Andrew Cuomo has a race on his hands https://t.co/k9iDOUZf90 https://t.co/Q8QgCKDw2U,61,0.0,0.0,0.0,1.0,2018/03/27
@CBSNews,"A new biography asks, ""Who is Tiger Woods?"" https://t.co/y8XeF42udO https://t.co/S5oszCSPF0",62,0.0,0.0,0.0,1.0,2018/03/27
@CBSNews,Maryland school gunman shot himself in head: Sheriff https://t.co/xwGXMwCgDI https://t.co/Xr857Enn5p,63,0.0,0.0,0.0,1.0,2018/03/27
@CBSNews,Did the Saudis really intercept missiles from Yemen? https://t.co/HiEEVTx0xm https://t.co/N0Pv7bzBIC,64,0.0,0.0,0.0,1.0,2018/03/27
@CBSNews,"Clark Gregg, Djimon Hounsou join cast of ""Captain Marvel"" https://t.co/KHLhDRQVPs https://t.co/bAMzTtesa4",65,0.6124,0.357,0.0,0.643,2018/03/27
@CBSNews,Addition of citizenship question to Census draws swift opposition https://t.co/UyndKdQCWy https://t.co/VUtgVQhP7f,66,0.2023,0.153,0.0,0.847,2018/03/27
@CBSNews,"Parents accused of choking, beating daughter for refusing arranged marriage https://t.co/A6CU4ejuIn https://t.co/is8xwj3EhP",67,-0.872,0.0,0.577,0.423,2018/03/27
@CBSNews,Mitch McConnell pushes for hemp legalization https://t.co/F3M1X5Nhvl https://t.co/9rFDNGWDys,68,0.0,0.0,0.0,1.0,2018/03/27
@CBSNews,"Father of Pulse gunman was FBI informant, widow's attorneys say https://t.co/0uqNRhCQPp https://t.co/OngzwUjZTd",69,0.0,0.0,0.0,1.0,2018/03/27
@CBSNews,"""Pacific Rim: Uprising"" tops ""Black Panther"" at weekend box office https://t.co/2GD471ZMyi https://t.co/vUJVUBIA9i",70,0.5106,0.231,0.0,0.769,2018/03/27
@CBSNews,Man who clung to girlfriend's moving SUV dies after 53-foot fall https://t.co/wXSR4gN7pN https://t.co/h7cM1LpC1I,71,0.0,0.0,0.0,1.0,2018/03/27
@CBSNews,South Africa shocked by deaths of 144 psychiatric patients https://t.co/WZQwzNL4bI https://t.co/MR5EwYDeM3,72,-0.3182,0.0,0.187,0.813,2018/03/27
@CBSNews,Highlights from 60 Minutes' Stormy Daniels interview https://t.co/PSoiWuiUlk https://t.co/avQuAfsZg6,73,0.0,0.0,0.0,1.0,2018/03/27
@CBSNews,Ohio babysitter charged with murder of 3-year-old girl https://t.co/IX1pfLKsdh https://t.co/0xOWH7Rkxg,74,-0.7579,0.0,0.448,0.552,2018/03/27
@CBSNews,Stocks surge as China trade war fears fade https://t.co/MnXcl30rbr https://t.co/ncFuJ5trbZ,75,-0.7717,0.0,0.456,0.544,2018/03/27
@CBSNews,"North Carolina man found guilty in deaths of wife, daughter https://t.co/IcUOTqka0J https://t.co/9ZvFVdT1yg",76,-0.4215,0.0,0.203,0.797,2018/03/27
@CBSNews,"Paul Bremer, who helped run Iraq occupation, is now a ski instructor https://t.co/x50aJ5ZSBT https://t.co/BN5spB5qxQ",77,0.0,0.0,0.0,1.0,2018/03/27
@CBSNews,"Nevest Coleman, wrongfully jailed for 23 years, gets old job back with White Sox https://t.co/v1LgkNKXrU https://t.co/tDPhpBB6b0",78,-0.4939,0.0,0.176,0.824,2018/03/27
@CBSNews,Remains of American pilot killed during World War II finally returned home https://t.co/8ANc01jI4y https://t.co/QZx2Rlyecr,79,-0.8555,0.0,0.412,0.588,2018/03/27
@CBSNews,Stray bullet from neighbor's target practice kills woman in Michigan https://t.co/DlJ9ZsPeMV https://t.co/QtLzR8cuFm,80,-0.5423,0.0,0.241,0.759,2018/03/27
@CBSNews,Women across America are fired up and running for political office for the first time. Follow Heather Brown as she… https://t.co/XhtSYN9e6z,81,-0.5574,0.0,0.153,0.847,2018/03/27
@CBSNews,"Texas ""suitcase killer"" Rosendo Rodriguez set for execution Tuesday https://t.co/kjXKuRbRw8 https://t.co/rmCiORnOQ4",82,-0.6486,0.0,0.301,0.699,2018/03/27
@CBSNews,"Kids forced to run past mothers' bodies after double murder-suicide, police say https://t.co/zpyvU6QB4R https://t.co/xZXBUFbIzq",83,-0.4588,0.0,0.188,0.812,2018/03/27
@CBSNews,U.S. Army veteran who served two tours in Afghanistan deported to Mexico https://t.co/TKaQkDxm2Z https://t.co/1bqhcepl1t,84,0.0,0.0,0.0,1.0,2018/03/27
@CBSNews,"Michigan State official arrested amid Larry Nassar probe, sheriff says https://t.co/uLbAuFkLfp https://t.co/GSGBqOHW1U",85,-0.4767,0.0,0.22,0.78,2018/03/27
@CBSNews,Officials catch large mountain lion lounging in backyard of California home https://t.co/q8Ce22DMYg https://t.co/HnZphKyeyQ,86,0.0,0.0,0.0,1.0,2018/03/27
@CBSNews,Arizona Gov. Doug Ducey suspends Uber from autonomous testing https://t.co/lH1x4Cow79 https://t.co/lkZ4GqTwck,87,0.0,0.0,0.0,1.0,2018/03/27
@CBSNews,"Paul Bremer, who ran the Coalition Provisional Authority after the United States' 2003 invasion of Iraq, is now a s… https://t.co/xE79BIi3lI",88,0.4767,0.186,0.0,0.814,2018/03/27
@CBSNews,"""We must say loud and clear that what happened to Stephon Clark was plain wrong,"" Sacramento Mayor Darrell Steinber… https://t.co/HXNfCqOcvf",89,0.3818,0.12,0.0,0.88,2018/03/27
@CBSNews,"A mystery train pulled into Beijing on Monday, fueling speculation that it came from North Korea and might be carry… https://t.co/bP3fHPhYOS",90,0.0,0.0,0.0,1.0,2018/03/27
@CBSNews,"Doug Jones' against-the-odds Senate victory did more than just turn the tables, it inspired a new crop of would-be… https://t.co/0iMpvD3RWw",91,0.4939,0.151,0.0,0.849,2018/03/27
@CBSNews,"Linda Brown, who as a third grade student was at the center of the 1954 Brown v. Board of Education Supreme Court d… https://t.co/bS1APM7i4r",92,0.5574,0.141,0.0,0.859,2018/03/27
@CBSNews,Rosendo Rodriguez set for execution Tuesday after he was convicted for the murder of a 29-year-old Texas woman whos… https://t.co/jG1LsdU9oi,93,-0.6908,0.0,0.207,0.793,2018/03/27
@CBSNews,Ohio baby sitter accused of abusing a 3-year-old girl who died last week has been charged with murder.… https://t.co/XQE51KoGiG,94,-0.8625,0.0,0.431,0.569,2018/03/27
@CBSNews,"Seddique Mateen, father of Pulse nightclub shooter, revealed as longtime FBI informant. https://t.co/36VKKtiqpy https://t.co/bbwOO5mNFZ",95,0.0,0.0,0.0,1.0,2018/03/27
@CBSNews,A CBS News investigation uncovered a scheme that could make rising health insurance premiums go even higher. It rai… https://t.co/QgKdvYiIhg,96,0.0,0.0,0.0,1.0,2018/03/27
@CBSNews,"Loyola-Chicago's chaplain Sister Jean has become an icon during March Madness, especially as her team makes it to t… https://t.co/cF2LI3cE5W",97,-0.4404,0.0,0.132,0.868,2018/03/27
@CBSNews,"A handful of federal facilities in the Washington, D.C., area received packages on Monday that were considered susp… https://t.co/y3QSJsyoka",98,0.0,0.0,0.0,1.0,2018/03/27
@CBSNews,"""I mean, I'm tired of the good old boy system. The good old boy system ain't done nothin' in the last 12-16 years i… https://t.co/eeE3HiZcUM",99,0.4404,0.189,0.094,0.717,2018/03/27
@CNN,The US needs to borrow almost $300 billion this week https://t.co/GmMnnEsMsP https://t.co/Ysh0qGxHmj,0,0.0,0.0,0.0,1.0,2018/03/27
@CNN,The former boss of convicted sexual abuser Larry Nassar has been accused of sexually assaulting female students… https://t.co/tyg59JQoQZ,1,-0.8442,0.0,0.378,0.622,2018/03/27
@CNN,Mystery train carries rumors about a Kim Jong Un visit to China https://t.co/AlV2sus2ko https://t.co/e1igDRFGFL,2,0.0,0.0,0.0,1.0,2018/03/27
@CNN,"After spending 23 years in prison for a crime he didn't commit, Nevest Coleman is back working as a groundskeeper f… https://t.co/F53zPVCfAK",3,-0.8266,0.0,0.338,0.662,2018/03/27
@CNN,The brother of slain Democratic National Committee staffer Seth Rich is suing right-wing activists and the Washingt… https://t.co/Ua0Il4salk,4,0.3612,0.166,0.097,0.737,2018/03/27
@CNN,RT @DylanByers: NEW: Mark Zuckerberg *will* testify. Scoop in today’s PACIFIC. https://t.co/ODGsaS7Fxc https://t.co/9ipTN61PFa,5,0.1531,0.118,0.0,0.882,2018/03/27
@CNN,"""They didn't have to kill him like that. They didn't have to shoot him that many times."" The grandmother of Stephon… https://t.co/liSflnIQk5",6,0.806,0.303,0.0,0.697,2018/03/27
@CNN,"BREAKING: Mark Zuckerberg has decided to testify before Congress, Facebook sources tell @CNNMoney. Facebook is curr… https://t.co/WBOftoigcP",7,0.0,0.0,0.0,1.0,2018/03/27
@CNN,"Prince had a ""exceedingly high"" concentration of fentanyl in his body when he died https://t.co/WLi0DjDSKz https://t.co/PPsyyO1OUJ",8,-0.5574,0.0,0.205,0.795,2018/03/27
@CNN,JUST IN: Louisiana attorney general announces no charges for police who shot and killed Alton Sterling outside a co… https://t.co/kcpC2QBNQg,9,-0.8316,0.0,0.355,0.645,2018/03/27
@CNN,Everything you need to know about the 2018 Longines Global Champions Tour and Global Champions League… https://t.co/L0b1Yg1AEU,10,0.7783,0.312,0.0,0.688,2018/03/27
@CNN,Simplifying art for the sake of politics https://t.co/zIqifi8A0V https://t.co/svjkehlpu1,11,0.0,0.0,0.0,1.0,2018/03/27
@CNN,Victor Blackwell is leading the #CNNBrackets challenge with 3 of his #FinalFour picks still alive. Head to… https://t.co/tYZNmX9oM1,12,0.4404,0.206,0.0,0.794,2018/03/27
@CNN,"Cops in Tempe, Arizona, now have AR-15s strapped to the back of their motorcycles https://t.co/RHpE6mS6pw https://t.co/8VDevoSqhj",13,0.0,0.0,0.0,1.0,2018/03/27
@CNN,America's automakers won't get much help from new South Korea deal https://t.co/oFlbP19yP4 https://t.co/3xWdiYoqpK,14,-0.3089,0.0,0.158,0.842,2018/03/27
@CNN,"Actor Sean Penn smoked a cigarette during an interview on ""The Late Show With Stephen Colbert,"" and viewers had a s… https://t.co/zbYICmpSMN",15,0.0,0.0,0.0,1.0,2018/03/27
@CNN,Sponsors slam Australian cricket team over cheating https://t.co/OsUs4LNngB https://t.co/XjPil3qgB7,16,-0.7351,0.0,0.47,0.53,2018/03/27
@CNN,RT @CNNnewsroom: Republican Rep. Francis Rooney says he's seen no information to contradict what Stormy Daniels and Karen McDougal have sai…,17,-0.5423,0.0,0.191,0.809,2018/03/27
@CNN,"RT @CNNnewsroom: Republican Rep. Francis Rooney: Trump expelling Russian diplomats ""is a good start"" but he should ""denounce Russia's aggre…",18,-0.4497,0.085,0.214,0.7,2018/03/27
@CNN,British sailor lost at sea in around-the-world race https://t.co/p3TrdfaP6u https://t.co/jSCH4YKCoX,19,-0.3182,0.0,0.204,0.796,2018/03/27
@CNN,California officials sue over the Trump administration's decision to add a question about citizenship to the next c… https://t.co/mKC57J42V8,20,0.0,0.0,0.0,1.0,2018/03/27
@CNN,Taiwan-based company Foxconn makes another big move in the US with Belkin deal https://t.co/ndbT1YIgfX https://t.co/r6cvH0a5Lb,21,0.0,0.0,0.0,1.0,2018/03/27
@CNN,How Russian President Vladimir Putin's arrogance handed UK Prime Minister Theresa May a diplomatic coup… https://t.co/Tu6VzaqZAv,22,-0.5267,0.0,0.195,0.805,2018/03/27
@CNN,Retired Supreme Court Justice John Paul Stevens argues for repeal of Second Amendment https://t.co/EhKOf7q3aQ https://t.co/wC4Qe9Z4JP,23,0.6597,0.324,0.12,0.556,2018/03/27
@CNN,"A Maryland teen who was fired on by a school officer died of a bullet from his own gun, officials say. The teen als… https://t.co/LuoBqIwsTm",24,-0.8625,0.0,0.336,0.664,2018/03/27
@CNN,Stunning photos capture Egypt's ancient underworld https://t.co/c6EpmnWPMj https://t.co/7dJIs3JD00,25,0.3818,0.271,0.0,0.729,2018/03/27
@CNN,A US veteran facing deportation thought he'd just walked through an office door. It was actually Mexico.… https://t.co/hvJsaToG2e,26,0.0,0.0,0.0,1.0,2018/03/27
@CNN,Bread's crust not more nutritious than the rest https://t.co/jRmNuewCWP https://t.co/XnpSXaO8B3,27,0.0,0.0,0.0,1.0,2018/03/27
@CNN,"Former President Barack Obama says he aspires to create ""a million young Barack Obamas or Michelle Obamas"" who will… https://t.co/jJhn8m6wzW",28,0.2732,0.1,0.0,0.9,2018/03/27
@CNN,Meet the man mountain switching military maneuvers for the judo mat https://t.co/MKPpWlkFQm https://t.co/iX3PVRganU,29,0.0,0.0,0.0,1.0,2018/03/27
@CNN,Two more lawyers turn down an invitation to represent President Trump amid special counsel Robert Mueller's Russia… https://t.co/uVHtQcvqIO,30,0.4019,0.137,0.0,0.863,2018/03/27
@CNN,"""You are looking for a way to impeach my President."" These female Trump supporters say they aren't bothered by Stor… https://t.co/Fk7k9SVaqs",31,0.5943,0.213,0.0,0.787,2018/03/27
@CNN,Why would Kim Jong Un make a secret trip to China? https://t.co/fLriLREnPK https://t.co/GGqkwHg9dv,32,0.0,0.0,0.0,1.0,2018/03/27
@CNN,"Germany has a far-right enemy within, writes Paul Hockenos for @CNNOpinion https://t.co/taphGDaAVM https://t.co/dBQm5cxRsZ",33,-0.5423,0.0,0.241,0.759,2018/03/27
@CNN,Water park executives charged in 10-year-old's death https://t.co/g4YxddzT9Y https://t.co/f4QN75CO3U,34,-0.6908,0.0,0.449,0.551,2018/03/27
@CNN,Facebook CEO Mark Zuckerberg won't appear before UK lawmakers https://t.co/8fEYaECWKg https://t.co/E6AZ2LnRB5,35,0.0,0.0,0.0,1.0,2018/03/27
@CNN,"""Going into Rio I was in the best physical shape of my entire life. ... and that meant nothing because mentally I w… https://t.co/YPVhYQ99R0",36,0.6369,0.167,0.0,0.833,2018/03/27
@CNN,Is President Trump's silence on Russian President Vladimir Putin and porn star Stormy Daniels telling?… https://t.co/1kidsp6e4g,37,0.0,0.0,0.0,1.0,2018/03/27
@CNN,Paris police treat murder of Holocaust survivor as anti-Semitic attack https://t.co/6PCyVCPdpS https://t.co/cuz3T6LiKQ,38,-0.5574,0.248,0.371,0.381,2018/03/27
@CNN,Here are 5 things you need to know today https://t.co/qRZURBA66J https://t.co/JByDGZBHYI,39,0.0,0.0,0.0,1.0,2018/03/27
@CNN,Photographer Gregor Sailer explores the haunting artifice of fake villages around the world https://t.co/cu4bLm50sI https://t.co/61ssTTUZTy,40,-0.6369,0.0,0.286,0.714,2018/03/27
@CNN,Fact-checking Tucker Carlson on diversity in America https://t.co/7S7y05oOBX | Analysis by Ronald Brownstein https://t.co/GZVSCDATFz,41,0.0,0.0,0.0,1.0,2018/03/27
@CNN,Arizona has suspended Uber's self-driving car tests in the state following a fatal crash involving one of the compa… https://t.co/d3y4VVxlno,42,-0.8519,0.0,0.368,0.632,2018/03/27
@CNN,"A fire that tore through a shopping center killing at least 64 people, including many children, was caused by ""crim… https://t.co/bmW36iQrB9",43,-0.7783,0.0,0.286,0.714,2018/03/27
@CNN,"A Chinese space lab is expected to fall to Earth in ""fiery demise"" within days https://t.co/QJdgdhEm3x https://t.co/MkliVvavxU",44,-0.34,0.0,0.138,0.862,2018/03/27
@CNN,"There is a strong possibility that North Korean leader Kim Jong Un is in Beijing, an official with deep knowledge o… https://t.co/vYteCRt7L6",45,0.5106,0.142,0.0,0.858,2018/03/27
@CNN,Films with women or minorities in lead roles have led the box office 11 out of 12 weekends this year… https://t.co/cukwL2Lz6Q,46,0.0,0.0,0.0,1.0,2018/03/27
@CNN,"The US is showing off its military strength with F-35B fighter jets, Ospreys and warships all off the coast of Japa… https://t.co/4xUliTiSeW",47,0.5106,0.19,0.059,0.751,2018/03/27
@CNN,You may not knead to keep the crust on after all https://t.co/iOb0QZXQSr,48,0.0,0.0,0.0,1.0,2018/03/27
@CNN,"""You're these Olympic athletes, you're supposed to be really strong, you're supposed to be really confident.

""I th… https://t.co/XpTSZ6PqmQ",49,0.7956,0.294,0.0,0.706,2018/03/27
@CNN,"The US government is officially investigating Facebook, the Federal Trade Commission confirms… https://t.co/IMeV2fkAK7",50,0.0,0.0,0.0,1.0,2018/03/27
@CNN,"Elliott Broidy, a venture capitalist and fundraiser for US President Donald Trump's 2016 campaign, is suing Qatar,… https://t.co/a6fU8y30fj",51,-0.2732,0.0,0.116,0.884,2018/03/27
@CNN,Apple is hosting an education-focused event in Chicago on Tuesday to likely reveal what it believes is the future o… https://t.co/icRtWXGSfe,52,0.0,0.0,0.0,1.0,2018/03/27
@CNN,Here are 9 ways to celebrate Prince Harry and Meghan Markle's royal wedding in style https://t.co/VGueCtKURm https://t.co/jO8QhYZ1uz,53,0.5719,0.198,0.0,0.802,2018/03/27
@CNN,President Donald Trump's blistering tongue and stinging tweets spare almost no one. But there are two blatant excep… https://t.co/tTlPC1beFC,54,-0.228,0.0,0.096,0.904,2018/03/27
@CNN,Is this the world's most luxurious airport? https://t.co/Bi3Awl1ALu via @CNNTravel https://t.co/rkeVjUVlA0,55,0.0,0.0,0.0,1.0,2018/03/27
@CNN,"Heineken has pulled an ad with the tagline ""Sometimes lighter is better"" after critics slammed it as racist.… https://t.co/ENY78J1Xw5",56,0.1779,0.131,0.1,0.769,2018/03/27
@CNN,"Britain will leave the EU on March 29, 2019 -- but quite what Brexit will entail depends on who you listen to.… https://t.co/Fz1OZjH9cG",57,-0.0258,0.0,0.048,0.952,2018/03/27
@CNN,"Bill Gates tells Nigerian leaders to ""face facts"" so they can make progress https://t.co/CE32gsgzkY https://t.co/sPLRKrvTGX",58,0.4215,0.167,0.0,0.833,2018/03/27
@CNN,"11,000 years ago, our ancestors survived abrupt climate change https://t.co/pJxWePn95j https://t.co/49pVMxlBWK",59,0.5106,0.248,0.0,0.752,2018/03/27
@CNN,US Army veteran who served two tours in Afghanistan has been deported to Mexico https://t.co/yWoFp27VPQ https://t.co/J16Ez5pYEC,60,0.0,0.0,0.0,1.0,2018/03/27
@CNN,"A fire that tore through a shopping center killing at least 64 people, including many children, was caused by ""crim… https://t.co/oahnrxnX61",61,-0.7783,0.0,0.286,0.714,2018/03/27
@CNN,Where fat goes when you lose weight https://t.co/msbLdjhJZ7 https://t.co/YS8pKCKdQl,62,-0.4019,0.0,0.252,0.748,2018/03/27
@CNN,"Russia has threatened retaliation over one of the largest mass expulsions of its diplomats in history, after at lea… https://t.co/3u4T0D78fG",63,-0.4588,0.0,0.136,0.864,2018/03/27
@CNN,Former President Jimmy Carter sharply criticized President Trump's decision to appoint John Bolton as national secu… https://t.co/74uqRAdZpu,64,-0.3612,0.0,0.135,0.865,2018/03/27
@CNN,Meet the 21-year-old journalist making headlines in Pakistan by becoming the country's first transgender news ancho… https://t.co/CzmkA0BKE6,65,0.0,0.0,0.0,1.0,2018/03/27
@CNN,How the Parkland students pulled off a massive national protest in only 5 weeks https://t.co/lmACzB1I6j https://t.co/W3dr1YL2LN,66,-0.25,0.0,0.133,0.867,2018/03/27
@CNN,"There is a strong possibility that North Korean leader Kim Jong Un is in Beijing, an official with deep knowledge o… https://t.co/3v5dZlKuiW",67,0.5106,0.142,0.0,0.858,2018/03/27
@CNN,Arizona has suspended Uber's self-driving car tests in the state following a fatal crash involving one of the compa… https://t.co/2Q23dCIEoF,68,-0.8519,0.0,0.368,0.632,2018/03/27
@CNN,Films with women or minorities in lead roles have led the box office 11 out of 12 weekends this year… https://t.co/YjxkpVbYno,69,0.0,0.0,0.0,1.0,2018/03/27
@CNN,Heavy security in Beijing and the presence of what appears to be a train that belongs to North Korea's ruling Kim f… https://t.co/p5qYYp11ZC,70,0.34,0.103,0.0,0.897,2018/03/27
@CNN,Is Kim Jong Un in China? https://t.co/IwENutQIvK https://t.co/d3WKCoRLNK,71,0.0,0.0,0.0,1.0,2018/03/27
@CNN,"Through his foundation, former President Barack Obama says he hopes to ""create a hundred, or a thousand, or a milli… https://t.co/iOncd1OfBZ",72,0.5994,0.234,0.0,0.766,2018/03/27
@CNN,Most Americans already thought Trump was a cheater before the Stormy Daniels interview | Analysis by CNN's Harry En… https://t.co/hXbuiIZ7SV,73,-0.5423,0.0,0.171,0.829,2018/03/27
@CNN,"Draylen Mason never knew it, but he had been accepted into the prestigous Oberlin Conservatory of Music before he w… https://t.co/RuMOpPpKgG",74,0.3919,0.117,0.0,0.883,2018/03/27
@CNN,Thousands of new voters signed up during the March for Our Lives https://t.co/47UGsv6GJo https://t.co/0TVLMntqzg,75,0.0,0.0,0.0,1.0,2018/03/27
@CNN,"A strange and unsettling sight greeted passersby in central London: Life-sized sculptures of 84 men, perched on the… https://t.co/Z7Dz6vQafa",76,0.0772,0.106,0.09,0.804,2018/03/27
@CNN,An animation of Parkland shooting survivor Emma Gonzalez ripping the US Constitution in two went viral on social me… https://t.co/jP5BOxyDp5,77,0.3612,0.116,0.0,0.884,2018/03/27
@CNN,"Linda Brown, who as a little girl was at the center of the Brown v. Board of Education US Supreme Court case that e… https://t.co/UXmRqOXOF8",78,0.5574,0.135,0.0,0.865,2018/03/27
@CNN,The prices of the 20 most commonly prescribed brand-name drugs for seniors have risen nearly 10 times more than the… https://t.co/NQ06iLNMro,79,0.0,0.0,0.0,1.0,2018/03/27
@CNN,"Sources tell CNN that Interior Secretary Ryan Zinke has repeatedly said he won’t focus on diversity, making comment… https://t.co/HK2Z6voCew",80,0.0,0.0,0.0,1.0,2018/03/27
@CNN,"The US government is officially investigating Facebook, the Federal Trade Commission confirms… https://t.co/NJDe2qH2aa",81,0.0,0.0,0.0,1.0,2018/03/27
@CNN,President Trump writes a letter to the family of Parkland victim Meadow Pollack https://t.co/DRsYlRLZGX https://t.co/Cr0Y7UYYai,82,-0.2732,0.0,0.139,0.861,2018/03/27
@CNN,"A Chinese space lab is expected to fall to Earth in ""fiery demise"" within days https://t.co/lh4pE8Dva5 https://t.co/A5mTouVLbB",83,-0.34,0.0,0.138,0.862,2018/03/27
@CNN,"In her first trip to New York's capital since announcing her gubernatorial campaign, actress Cynthia Nixon referred… https://t.co/53mH9H8o4g",84,0.0,0.0,0.0,1.0,2018/03/27
@CNN,"RT @CNNTonight: Stormy Daniels' friend Alana Evans: President Trump should ""own up to what he did. Own up to the relationships. Own up to t…",85,0.4939,0.118,0.0,0.882,2018/03/27
@CNN,"In a controversial move, the Commerce Department has said the question of citizenship will again be included in the… https://t.co/TlAorhGDcZ",86,-0.2023,0.0,0.091,0.909,2018/03/27
@CNN,RT @AC360: “You are looking for a way to impeach my President” Female Trump supporters tell @RandiKayeCNN they aren’t bothered by Stormy Da…,87,0.1531,0.115,0.091,0.794,2018/03/27
@CNN,"11,000 years ago, our ancestors survived abrupt climate change https://t.co/6FeFgLcclf https://t.co/UkjvAq03Hy",88,0.5106,0.248,0.0,0.752,2018/03/27
@CNN,7 things we learned on the groundbreaking Qantas air route from Australia to the UK https://t.co/3nYK6gYbuK https://t.co/o7DyKG0YXN,89,0.0,0.0,0.0,1.0,2018/03/27
@CNN,"Police in Michigan have arrested William Strampel, a former Michigan State University dean and boss of Larry Nassar… https://t.co/HJNVddE7hQ",90,-0.4767,0.0,0.154,0.846,2018/03/27
@CNN,Louisiana Attorney General Jeff Landry will provide an update on the investigation of Alton Sterling's fatal shooti… https://t.co/jbjm8osVvN,91,-0.5423,0.0,0.171,0.829,2018/03/27
@CNN,Why the Iranian-backed Houthi high command has added fuel to fire with missile attacks on Saudi Arabia… https://t.co/4XmwWZyTzS,92,-0.6486,0.0,0.249,0.751,2018/03/27
@CNN,RT @CNNPolitics: President Trump writes a letter to the family of Parkland victim Meadow Pollack https://t.co/LzyPzCd7Jg https://t.co/MbO4v…,93,-0.2732,0.0,0.123,0.877,2018/03/27
@CNN,"In her 1st trip to New York's capital since announcing her gubernatorial campaign, Cynthia Nixon referred to Gov. C… https://t.co/OLiBFbabAA",94,0.0,0.0,0.0,1.0,2018/03/27
@CNN,"As a young girl growing up in New Jersey in the wake of 9/11, Amani Al-Khatahtbeh concealed the fact that she was M… https://t.co/EEiAd3j3SH",95,0.1779,0.072,0.0,0.928,2018/03/27
@CNN,An immigration bill you've never heard of will solve US's labor shortage https://t.co/HQ2aN7ltWm https://t.co/hHT8eJNm8Z,96,-0.0516,0.114,0.127,0.759,2018/03/27
@CNN,"President Trump pens a letter to the family of Parkland victim Meadow Pollack: ""We will not forget her life""… https://t.co/AvZlRrz8y5",97,-0.1114,0.08,0.101,0.819,2018/03/27
@CNN,"Democratic Sen. Bob Menendez warned that Interior Secretary Ryan Zinke is moving toward a ""lily-white"" agency with… https://t.co/uOCj7JrVtc",98,-0.2732,0.0,0.116,0.884,2018/03/27
@CNN,The Dow surges 669 points as trade war fears cool https://t.co/RjL3HozLCy https://t.co/T2qnWB0x03,99,-0.6597,0.128,0.372,0.5,2018/03/27
@FoxNews,Retired Supreme Court Justice Stevens says Second Amendment should be repealed https://t.co/PE13PgJSin https://t.co/siqsenZTgv,0,0.7906,0.389,0.0,0.611,2018/03/27
@FoxNews,Bill Richardson: “My view is that it’s going to be a tough year for Republicans in midterms.” https://t.co/8Q7JG4su2W,1,-0.128,0.0,0.086,0.914,2018/03/27
@FoxNews,Mystery train rumored to carry Kim Jong Un leaves China after secretive stay https://t.co/SSCtuGrIcE,2,0.0,0.0,0.0,1.0,2018/03/27
@FoxNews,This baby orangutan at the Phoenix Zoo got a front-row seat when a young boy began performing tricks with his yo-yo. https://t.co/4BxVRADuVB,3,-0.128,0.0,0.073,0.927,2018/03/27
@FoxNews,Did Facebook’s ‘favors’ for the Obama campaign constitute a violation of federal law? @FoxNewsOpinion https://t.co/gD5PrAQLOr,4,-0.4939,0.0,0.198,0.802,2018/03/27
@FoxNews,Blue moon to light up sky ahead of Easter https://t.co/OSv40QkDFR,5,0.0,0.0,0.0,1.0,2018/03/27
@FoxNews,"'JAWS'-DROPPING VIDEO: These boaters' fishing trip near Daytona Beach, Florida, was interrupted by a great white sh… https://t.co/bCklZn8Tjc",6,0.4404,0.192,0.103,0.704,2018/03/27
@FoxNews,Facebook thinks it knows whether you're liberal or conservative: Here's how to find out https://t.co/6bU9UysahV… https://t.co/qjEqxHgZTp,7,0.0,0.0,0.0,1.0,2018/03/27
@FoxNews,A casket carrying the body of @FDNY Lt. Michael Davidson is carried into @StPatsNYC as mourners gathered for the fu… https://t.co/irOv4b2zK5,8,-0.4215,0.0,0.128,0.872,2018/03/27
@FoxNews,"Man sues Disney Parks, claims rat bit him at Magic Kingdom https://t.co/Qv4tQJqDrw",9,0.0,0.0,0.0,1.0,2018/03/27
@FoxNews,.@SteveHiltonx on Census Citizenship Question: 'Perfectly Reasonable' for Gov't to Know Who Is a Citizen https://t.co/GLMaPeRtZd,10,0.6369,0.231,0.0,0.769,2018/03/27
@FoxNews,"Georgia mother crashes vehicle into pole to prove 'God is real,' police say https://t.co/cxey0ByH1S",11,0.2732,0.139,0.0,0.861,2018/03/27
@FoxNews,".@candacecbure credits Jesus and the Bible for her happy, 22-year marriage https://t.co/LgpD84O7Cj",12,0.7351,0.383,0.0,0.617,2018/03/27
@FoxNews,"The funeral for @FDNY Lt. Michael Davidson, killed while battling a fire on a Manhattan movie set, takes place at… https://t.co/kl7S5m2513",13,-0.8885,0.0,0.434,0.566,2018/03/27
@FoxNews,RT @EricShawnTV: Should non-U.S. citizens be included in the #census2020? I anchor @HappeningNow with @JulieBanderas @FoxNews at 11 am EDT.…,14,0.0,0.0,0.0,1.0,2018/03/27
@FoxNews,Barack Obama Hopes for a 'Million Young Obamas' to Lead 'Human Progress' https://t.co/A9u7oyvOFR,15,0.6808,0.359,0.0,0.641,2018/03/27
@FoxNews,"JUST IN: Arrest made in connection with suspicious packages found at military bases, official tells Fox News (via… https://t.co/QU3F9x0iD8",16,-0.5994,0.0,0.224,0.776,2018/03/27
@FoxNews,.@RepKinzinger: “[President @realDonaldTrump’s] actions have been outstanding up to this point. He’s been probably… https://t.co/5vTynkQke5,17,0.6124,0.222,0.0,0.778,2018/03/27
@FoxNews,.@ChrisStirewalt: “Nothing will be put to rest until Robert Mueller is done with his investigation.” https://t.co/dgtNVsr42R,18,0.0,0.0,0.0,1.0,2018/03/27
@FoxNews,Mystery train rumored to carry Kim Jong Un leaves China after secretive stay https://t.co/SSCtuGrIcE,19,0.0,0.0,0.0,1.0,2018/03/27
@FoxNews,California sheriff's office to publish inmates' release in pushback against state's 'sanctuary' law https://t.co/8PGBFZlJA9,20,0.0,0.0,0.0,1.0,2018/03/27
@FoxNews,"Marie Harf: “Law enforcement needs immigrants, even illegal immigrants, to work with them to solve crimes.” https://t.co/tQM24ZHz6t",21,-0.4215,0.088,0.176,0.735,2018/03/27
@FoxNews,CA Showdown: Orange County Could Sue to Block 'Unconstitutional' Sanctuary Law https://t.co/7R0iJqN61D,22,-0.4404,0.0,0.209,0.791,2018/03/27
@FoxNews,DOW opens higher as trade tensions ease https://t.co/dx21o1gLKz,23,-0.0516,0.223,0.241,0.536,2018/03/27
@FoxNews,California officer says goodbye to dying police dog in emotional photo https://t.co/uqhhh4bZSa,24,0.1531,0.127,0.0,0.873,2018/03/27
@FoxNews,".@MariaBartiromo: “You’ve got a president that is bent on rolling back regulations, on getting growth.” https://t.co/KP3WTso6DW",25,0.0,0.0,0.0,1.0,2018/03/27
@FoxNews,Dramatic video captures blazing fuel truck being driven to safety through Indian city https://t.co/5FPO6ZF4j2,26,0.4215,0.177,0.0,0.823,2018/03/27
@FoxNews,.@SteveHiltonx on @foxandfriends: “This is a really really strong diplomatic move.” https://t.co/tjKuLoRujW https://t.co/Zew9R3IPbF,27,0.5956,0.26,0.0,0.74,2018/03/27
@FoxNews,"RT @FoxBusiness: .@SecretaryRoss on trade deal with South Korea: ""It's a peaceful deal, it's a negotiated deal, it works for both sides. It…",28,0.4939,0.138,0.0,0.862,2018/03/27
@FoxNews,.@cvpayne: “We’ve been in a trade war with China for a very long time… and we have been losing mightily.” https://t.co/o7KhMIKv7h,29,-0.7579,0.0,0.277,0.723,2018/03/27
@FoxNews,".@USNavy's Virginia attack submarines will now fire nuclear weapons, marking dramatic shift https://t.co/WfP2qm7zmq… https://t.co/iPVYe6ECbE",30,-0.8126,0.0,0.433,0.567,2018/03/27
@FoxNews,RT @FoxBusiness: US to add citizenship question in 2020 Census: @CommerceGov https://t.co/SaTlvyyT7T,31,0.0,0.0,0.0,1.0,2018/03/27
@FoxNews,"RT @FoxBusiness: Beware, the IRS is looking for these red flags this tax season https://t.co/hhM7JEmmWs",32,0.0,0.0,0.0,1.0,2018/03/27
@FoxNews,Rumors of Kim Jong Un’s visit to China swirl as mysterious train reportedly leaves Beijing https://t.co/oZSwaBdqqy,33,0.0,0.0,0.0,1.0,2018/03/27
@FoxNews,Chicago @WhiteSox welcome back groundskeeper who wrongly spent 23 years in prison https://t.co/EOfHvMv7vR,34,-0.0772,0.173,0.191,0.636,2018/03/27
@FoxNews,.@POTUS writes to Parkland victim's family @foxandfriends https://t.co/Jp5zKhkGkQ,35,0.0,0.0,0.0,1.0,2018/03/27
@FoxNews,.@JohnJamesMI on @foxandfriends: “Donald Trump is delivering on his promises and the people in the state of Michiga… https://t.co/6OO1dRFgyE,36,0.3818,0.126,0.0,0.874,2018/03/27
@FoxNews,".@JohnJamesMI on being endorsed by @AmbJohnBolton: ""It was great, it was unexpected, and I’m honored.”… https://t.co/4KMuwwr7xA",37,0.7269,0.303,0.0,0.697,2018/03/27
@FoxNews,Dad holds “Say No” sign during proposal @foxandfriends https://t.co/T7wGeqe2CZ,38,0.0,0.0,0.0,1.0,2018/03/27
@FoxNews,Toni Hixon on @foxandfriends: “He was the best son any mother could ever want.” https://t.co/RFzcPYFeYK https://t.co/vDJ376v9Lr,39,0.6369,0.219,0.0,0.781,2018/03/27
@FoxNews,"Shawn Nelson, Orange County Supervisor, on sanctuary status: “It is unconstitutional.” @foxandfriends https://t.co/nSOdFzoPQF",40,0.0,0.0,0.0,1.0,2018/03/27
@FoxNews,"A small dog, named Enzo, pulls at the leash of a 17-year-old cow, named Belinda, on a farm in Heckenbach, Germany. https://t.co/Q216MgfdwF",41,0.0,0.0,0.0,1.0,2018/03/27
@FoxNews,Rocker who survived Paris attack says gun control marchers 'exploiting' victims https://t.co/bVpFkspIpO,42,-0.5423,0.173,0.408,0.419,2018/03/27
@FoxNews,.@Judgenap on 2020 census citizenship question @foxandfriends https://t.co/UAL4Qj4Hij,43,0.0,0.0,0.0,1.0,2018/03/27
@FoxNews,OPINION: Trump is right -- California is out of control https://t.co/RjIGgkS987,44,0.0,0.0,0.0,1.0,2018/03/27
@FoxNews,"Beyonce was bitten in the face by unidentified actress, Tiffany Haddish claims https://t.co/KLJb5LkMVi",45,0.0,0.0,0.0,1.0,2018/03/27
@FoxNews,"U.S. National Security Council Michael Anton on Russian expulsions: ""This is an unprecedented action...that's somet… https://t.co/w8jKzVfREa",46,0.34,0.138,0.0,0.862,2018/03/27
@FoxNews,"At odds with @AmbJohnBolton on North Korea, Mattis appears isolated https://t.co/gGMFWwDOOI",47,-0.3182,0.0,0.187,0.813,2018/03/27
@FoxNews,Whistleblower at center of privacy scandal to testify in UK https://t.co/lkX4Ys0c8G,48,-0.4404,0.0,0.225,0.775,2018/03/27
@FoxNews,#Trump expressed hope to see Rob Porter return to White House: report https://t.co/ZiPyNKwMSu,49,-0.1779,0.166,0.206,0.629,2018/03/27
@FoxNews,"Iowa family found dead in Mexico likely killed by water heater gas leak, official says https://t.co/sM5xsAIsJX",50,-0.9042,0.0,0.463,0.537,2018/03/27
@FoxNews,.@CDCgov warns of second wave of flu https://t.co/RxY6Qi5T4S,51,-0.4588,0.0,0.4,0.6,2018/03/27
@FoxNews,"Dr. Nicole Saphier: ""Rome was not built in a day, and neither is health care."" https://t.co/pDg7MNw3Pt",52,0.0,0.0,0.0,1.0,2018/03/27
@FoxNews,Family's pet cat returns home 2 days after they thought they buried him https://t.co/kwYT6uEQ9q,53,0.0,0.0,0.0,1.0,2018/03/27
@FoxNews,"Political analyst Ron Meyer: ""Democrats really care about getting services to people who are here illegally more th… https://t.co/OXCUMwSr8f",54,0.5413,0.163,0.0,0.837,2018/03/27
@FoxNews,"Democratic strategist Suraj Patel on citizenship question in 2020 census: ""Doing this is calculated to stopping Dem… https://t.co/1q6MIrpcaI",55,-0.1531,0.0,0.086,0.914,2018/03/27
@FoxNews,Vegas police say 5 arrests in MS-13 case solves 10 murders https://t.co/d9QfRFLoxO https://t.co/kyQkw7JIcR,56,-0.7003,0.117,0.383,0.5,2018/03/27
@FoxNews,"For North Korean leaders, a train unlike any other https://t.co/gGO3CxNbA5",57,0.0,0.0,0.0,1.0,2018/03/27
@FoxNews,Dow posts biggest one-day point gain since 2008  (via @FoxBusiness) https://t.co/KeTmVaUlIu https://t.co/hB4tfEttxQ,58,0.5267,0.236,0.0,0.764,2018/03/27
@FoxNews,Corey Lewandowski considering legal action against reporter who entered office without permission https://t.co/9ghJZDaMYI,59,0.128,0.111,0.0,0.889,2018/03/27
@FoxNews,"Kiron Skinner on expulsion of 60 Russian diplomats: ""It is the harshest action against the Russians under President… https://t.co/maX6r3wbw0",60,-0.5994,0.0,0.178,0.822,2018/03/27
@FoxNews,Global Russian Expulsions https://t.co/tjKuLoRujW https://t.co/ehwjOyQleE,61,0.0,0.0,0.0,1.0,2018/03/27
@FoxNews,Wynn Resorts hearing may include alleged misconduct evidence https://t.co/9PTyh9GO21,62,0.0,0.0,0.0,1.0,2018/03/27
@FoxNews,"Orlando nightclub shooter's father, an FBI informant, brushed off son's terror comments, agent says… https://t.co/7aTAEszZkQ",63,-0.5267,0.0,0.195,0.805,2018/03/27
@FoxNews,"OPINION: #Trump, like Reagan, can beat back the 'swamp' in assembling his own presidential dream team https://t.co/PjubKZKQbL",64,0.5423,0.231,0.0,0.769,2018/03/27
@FoxNews,"""Live a purposeful life.""

99-year-old WWII vet Sidney Walton and his son Paul are on a cross-country tour to meet… https://t.co/nAWYq14PZt",65,0.0,0.0,0.0,1.0,2018/03/27
@FoxNews,".@WhiteHouse: Stormy Daniels is 'inconsistent,' #Trump doesn't believe her claims are 'accurate' https://t.co/kk6ZBUvfs7",66,0.0,0.0,0.0,1.0,2018/03/27
@FoxNews,Uber suspended from testing self-driving cars in Arizona https://t.co/6KYQ8Zg5sa,67,-0.5256,0.0,0.298,0.702,2018/03/27
@FoxNews,Ohio Gov. Kasich commutes death sentence of man who killed woman during robbery https://t.co/qVAOdaXm9y,68,-0.8442,0.063,0.406,0.531,2018/03/27
@FoxNews,"George Rodriguez: ""Democrats are more interested in sanctuary cities and protecting people that enter the country i… https://t.co/8Lr8hH9dCH",69,0.4576,0.15,0.0,0.85,2018/03/27
@FoxNews,"""The ones that are bad need to be weeded out.""

American who escaped Al Qaeda captivity says @FBI, under Mueller an… https://t.co/QS0U88z1J5",70,-0.5423,0.0,0.143,0.857,2018/03/27
@FoxNews,"Russian envoy says relations with US in crisis, retaliation likely https://t.co/mi8RD6Xaxk",71,-0.6249,0.0,0.291,0.709,2018/03/27
@FoxNews,World's new largest cruise ship sets sail https://t.co/QH8HyOb78g,72,0.0,0.0,0.0,1.0,2018/03/27
@FoxNews,"High-ranking Michigan State official arrested, faces charges amid Nassar probe https://t.co/BppfqrhuPB",73,-0.6369,0.0,0.366,0.634,2018/03/27
@FoxNews,"Daniel Hoffman on expulsion of 60 Russian diplomats: ""This is an important message that we've sent to the Kremlin.""… https://t.co/jzZLPHfkNn",74,0.2023,0.087,0.0,0.913,2018/03/27
@FoxNews,"NC sheriff hopeful apologizes for joke about taking guns away from people's 'cold, bare hands' https://t.co/V0aIuLOr99",75,0.7906,0.381,0.0,0.619,2018/03/27
@FoxNews,"Austin bomber's roommate a 'person of interest' in investigation, McCaul says https://t.co/lc7QqLfH0w https://t.co/EgBKn2YXdx",76,0.4588,0.214,0.0,0.786,2018/03/27
@FoxNews,Packages with explosive material sent to military installations in DC area https://t.co/iO2Hzfg3z9 https://t.co/7uuUKsHaP0,77,0.0,0.0,0.0,1.0,2018/03/27
@FoxNews,White House attorneys looking into loans to Kushner's business over ethics concerns https://t.co/YoUm4mGttf,78,0.0,0.0,0.0,1.0,2018/03/27
@FoxNews,"#Trump orders expulsion of dozens of Russian diplomats, closure of consulate in Seattle https://t.co/6odgJOzV6t https://t.co/5znEfyZq0a",79,0.0,0.0,0.0,1.0,2018/03/27
@FoxNews,EasyJet pilot suspended for using Snapchat during flight https://t.co/56CDzUQBeE,80,-0.4767,0.0,0.279,0.721,2018/03/27
@FoxNews,.@gen_jackkeane on countries expelling Russian diplomats: “What I’m hoping is it thickens the spine of these weak E… https://t.co/EY6MPVgsGO,81,-0.4019,0.115,0.226,0.658,2018/03/27
@FoxNews,"Father, son killed in collapse inside silo at Wisconsin farm https://t.co/L6ooukO11o",82,-0.8271,0.0,0.461,0.539,2018/03/27
@FoxNews,FEAST YOUR EYES: This baby orangutan at the Phoenix Zoo got a front-row seat when a young boy began performing tric… https://t.co/LkdmLWK2Ys,83,0.0,0.0,0.0,1.0,2018/03/27
@FoxNews,California to sue #Trump admin over citizenship question in 2020 census https://t.co/YOIGzHhuby,84,0.0,0.0,0.0,1.0,2018/03/27
@FoxNews,"QUARRELING KOALAS: These two male koalas were caught wrestling in Australia, reportedly, over a female koala just o… https://t.co/D1I5NEQuRd",85,0.0,0.0,0.0,1.0,2018/03/27
@FoxNews,American exchange students in Italy started kitchen fire by cooking pasta without water https://t.co/zn5KQRR9r2,86,-0.34,0.0,0.156,0.844,2018/03/27
@FoxNews,"Austan Goolsbee: ""They had a record-setting day on the stock market today, precisely because @realDonaldTrump is no… https://t.co/YwemCnISmR",87,0.0,0.0,0.0,1.0,2018/03/27
@FoxNews,North Dakota tries to establish Theodore Roosevelt library https://t.co/Tk8Hx6Sqpr,88,0.0,0.0,0.0,1.0,2018/03/27
@FoxNews,"SNOW MORE GRASS HERE: One resident of New Whiteland, Indiana didn't let a snowstorm stop him from yardwork over the… https://t.co/bCdpEVYJZf",89,0.2235,0.09,0.0,0.91,2018/03/27
@FoxNews,"Unusually heavy security at a Beijing guesthouse where prominent North Koreans have previously stayed, paired with… https://t.co/207dukBvNr",90,0.6096,0.262,0.0,0.738,2018/03/27
@FoxNews,"David Bossie: ""Tough talk— talking about tariffs, talking about ending these bad trade deals, is what is getting us… https://t.co/eiwdZNLqRT",91,-0.6124,0.0,0.217,0.783,2018/03/27
@FoxNews,"President @realDonaldTrump tweeted about ""trade talks"" on Monday night, assuring that ""in the end, all will be happ… https://t.co/EenoisCIKL",92,0.3818,0.126,0.0,0.874,2018/03/27
@FoxNews,.@KyleKashuv: “Gun control won’t solve this issue. We’ve seen that we have to hold our government accountable.”… https://t.co/keFKSgREAj,93,0.2023,0.096,0.0,0.904,2018/03/27
@FoxNews,"'Avengers' star Chris Evans, 'Deadpool's' Ryan Reynolds and more Marvel all-stars help fulfill dying boy's wish https://t.co/sAVdKbppOJ",94,0.8923,0.473,0.0,0.527,2018/03/27
@FoxNews,"Harry Kazianis: ""I think @AmbJohnBolton is North Korea and China's worst nightmare."" @IngrahamAngle https://t.co/IjIDyMBHQJ",95,-0.6249,0.0,0.24,0.76,2018/03/27
@FoxNews,Texas man who allegedly had weapons stockpile in Boston-area hotel says he was on a classified mission https://t.co/92KOFwDLxr,96,-0.4404,0.0,0.153,0.847,2018/03/27
@FoxNews,".@IngrahamAngle: ""On trade, let's remember, the @POTUS has stood on principle. He stuck to his guns, and he complet… https://t.co/IAaDJb99j2",97,-0.25,0.0,0.095,0.905,2018/03/27
@FoxNews,"High-ranking Michigan State official arrested amid Nassar probe, sheriff says https://t.co/nV16KaHA1C",98,-0.4767,0.0,0.237,0.763,2018/03/27
@FoxNews,"Roger McNamee: “I think all of Silicon Valley needs to reassess why it’s in business, and recognize that they can b… https://t.co/FE07jALDDp",99,0.0,0.0,0.0,1.0,2018/03/27
@NYTimes,"""Being crazy isn't enough."" A Manhattan nanny charged with killing two children in her care is pursuing an insanity… https://t.co/ro78pJw85B",0,-0.6597,0.119,0.321,0.56,2018/03/27
@NYTimes,"Two white police officers in Baton Rouge, La., will not be prosecuted in the fatal 2016 shooting of Alton Sterling,… https://t.co/kRzukrAMDy",1,-0.3217,0.088,0.142,0.77,2018/03/27
@NYTimes,"The former dean, William D. Strampel, was accused not only of failing to protect women and girls from Larry Nassar,… https://t.co/saN2IbTMhc",2,0.477,0.208,0.086,0.706,2018/03/27
@NYTimes,RT @nytimesbusiness: “Trump has been a godsend for China.” The potential cost of moving away from institutions and alliances in favor of a…,3,0.7579,0.245,0.0,0.755,2018/03/27
@NYTimes,"The Rev. Samuel Rodriguez thinks of himself as a modern-day Joseph in Pharaoh’s court, placed there to save his peo… https://t.co/ajpHlmGwE4",4,0.4939,0.144,0.0,0.856,2018/03/27
@NYTimes,"RT @patrickhealynyt: Roseanne Barr &amp; I got into it when she claimed Trump favors same-sex marriage: ""Yes, he does. He has said it several t…",5,0.25,0.08,0.0,0.92,2018/03/27
@NYTimes,"Federal authorities charged Keith Raniere, the head of the Albany-area group Nxivm, with forcing women to have sex… https://t.co/L5xGmbNUfG",6,-0.2023,0.0,0.091,0.909,2018/03/27
@NYTimes,"In Opinion,
Op-Ed columnist @PaulKrugman writes, ""The simple truth is that ever since Reagan, Republicans have basi… https://t.co/2xROYOSesk",7,0.3182,0.119,0.0,0.881,2018/03/27
@NYTimes,RT @nytopinion: Stormy Daniels is not the first person who claims to have been threatened after crossing Donald Trump https://t.co/jq4XA1hs…,8,-0.4588,0.0,0.136,0.864,2018/03/27
@NYTimes,"RT @nytimesarts: Chris Evans makes a terrific Broadway debut in ""Lobby Hero"" https://t.co/RSHFjyp02o",9,0.7783,0.464,0.0,0.536,2018/03/27
@NYTimes,"On U.S. involvement in the Syrian war, one operative said: “Russia is more honorable and trustworthy than the Unite… https://t.co/j4nPJbWm4Q",10,0.5799,0.268,0.137,0.595,2018/03/27
@NYTimes,"RT @nytimesbusiness: Waymo says it will buy up to 20,000 electric cars from Jaguar Land Rover as it strives to put a ride service into oper…",11,0.0,0.0,0.0,1.0,2018/03/27
@NYTimes,"Stephen Colbert and other late-night hosts were not surprised by Stephanie Clifford's ""60 Minutes"" interview https://t.co/i7tEE6rroE",12,-0.1695,0.0,0.1,0.9,2018/03/27
@NYTimes,"""I'm sure there are other Cambridge Analyticas out there,"" Senator John Kennedy said. ""Facebook isn't just a compan… https://t.co/q02W3HcwDe",13,0.3182,0.119,0.0,0.881,2018/03/27
@NYTimes,RT @nytopinion: John Paul Stevens: Repealing the Second Amendment would move Saturday’s marchers closer to their objective than any other p…,14,0.0,0.0,0.0,1.0,2018/03/27
@NYTimes,Polls and recent elections show that Trump has galvanized liberal and moderate voters to oppose his party. Yet at t… https://t.co/hj0feZkpk5,15,0.4019,0.119,0.0,0.881,2018/03/27
@NYTimes,"RT @nytgraphics: All 435 House seats are up for election this November, but just 48 are considered competitive: 41 held by Republicans, 7 b…",16,0.2617,0.085,0.0,0.915,2018/03/27
@NYTimes,Morning Briefing: Here's what you need to know to start your day https://t.co/1cL3jRvE6f https://t.co/DZGs6ucJlW,17,0.0,0.0,0.0,1.0,2018/03/27
@NYTimes,The Maryland school shooter who fatally shot his ex-girlfriend and injured another student last week killed himself… https://t.co/n7N1XpSNsB,18,-0.9081,0.0,0.432,0.568,2018/03/27
@NYTimes,Linda Brown came to symbolize one of the most transformative court proceedings in American history https://t.co/vUcEP99A3g,19,0.0,0.0,0.0,1.0,2018/03/27
@NYTimes,"A housemate of the Austin bomber has become a ""person of interest"" in the investigation https://t.co/thNrBdpcJM",20,0.4588,0.188,0.0,0.812,2018/03/27
@NYTimes,"Your daily @DealBook Briefing:

• Citigroup became the biggest Wall Street firm thus far to take actions to limit g… https://t.co/trOfabkKIY",21,0.0,0.0,0.0,1.0,2018/03/27
@NYTimes,"Lobster, wine and ""lady conductors"": What we know about North Korea's mystery train https://t.co/PCuXFczwwb",22,0.0,0.0,0.0,1.0,2018/03/27
@NYTimes,"""From a European perspective, the shock comes from the fact that the U.S. is now seen as a destabilizing force, lik… https://t.co/IMDcz7Nj2v",23,-0.3818,0.0,0.12,0.88,2018/03/27
@NYTimes,"Eight years ago, the United States and Russia agreed to a spy swap that sent a Russian double agent to safety in Br… https://t.co/5Dv7DOef5y",24,0.7717,0.288,0.0,0.712,2018/03/27
@NYTimes,"The former dean of Michigan State University’s medical school, who supervised the disgraced physician Lawrence Nass… https://t.co/zvJMTgrnB7",25,-0.4588,0.0,0.158,0.842,2018/03/27
@NYTimes,"Within 30 seconds of arriving, Deputy Brewer had exited his car, confronted a man in the street whose pants were ar… https://t.co/LzNamOCMQf",26,-0.2023,0.0,0.083,0.917,2018/03/27
@NYTimes,"The 2020 census will ask respondents whether they are U.S. citizens, the Commerce Department announced, agreeing to… https://t.co/zz1aqLKqAT",27,0.34,0.124,0.0,0.876,2018/03/27
@NYTimes,A video that appeared to show the arrival in Beijing of an old-style green train fueled speculation that a high-lev… https://t.co/nB2RJVVDYe,28,0.0,0.0,0.0,1.0,2018/03/27
@NYTimes,Morning Briefing: Here's what you need to know to start your day https://t.co/C4v9hpi3Ye https://t.co/QLK2dlg5qA,29,0.0,0.0,0.0,1.0,2018/03/27
@NYTimes,"Others have come at President Trump with indignation, righteousness and appeals to decency. Stormy Daniels swatted… https://t.co/iq3gZcZzNd",30,-0.5267,0.0,0.175,0.825,2018/03/27
@NYTimes,"""She called me at 4:11 p.m. the last time and told me that everything was in flames, and that the doors were blocke… https://t.co/T2XmtaoKxp",31,0.0,0.0,0.0,1.0,2018/03/27
@NYTimes,"A woman who survived the Holocaust was murdered in Paris, in what the authorities are calling a hate crime https://t.co/PCfeDQFPrz",32,-0.8519,0.114,0.401,0.484,2018/03/27
@NYTimes,"After 61 weeks in the White House, President Trump has found 2 people he won’t attack on Twitter: Stormy Daniels an… https://t.co/5VpaR8vviN",33,-0.4767,0.0,0.134,0.866,2018/03/27
@NYTimes,"China's first space station, Tiangong-1, abandoned and out of control, is expected to drop out of orbit around this… https://t.co/IURCPOQDHv",34,-0.6249,0.0,0.221,0.779,2018/03/27
@NYTimes,"RT @nytimesworld: To Europeans, the brazen poisoning of a former Russian spy and his daughter in Salisbury, England, crossed a line. That h…",35,-0.5859,0.0,0.16,0.84,2018/03/27
@NYTimes,"The main Brexit campaign in the referendum on Britain’s EU membership funneled more than $900,000 to a puppet organ… https://t.co/9Vzlfx7fHr",36,0.0258,0.058,0.0,0.942,2018/03/27
@NYTimes,President Trump has stayed in touch with Rob Porter and has told some advisers he hopes Porter returns to work in t… https://t.co/AM9RjUNwtB,37,-0.2023,0.102,0.131,0.766,2018/03/27
@NYTimes,A sprawling exhibition in Amsterdam looks at how a fascination with Japan shaped van Gogh's work https://t.co/1kMpdRcvCs,38,0.4939,0.186,0.0,0.814,2018/03/27
@NYTimes,"“The world’s patience is rather wearing thin with President Putin and his actions,” said the British defense secret… https://t.co/mfKxquWuau",39,0.128,0.077,0.0,0.923,2018/03/27
@NYTimes,"RT @meslackman: All roads may lead to Rome, but when you get here the mean streets and wrecked pavements will puncture your tires, break yo…",40,0.0,0.0,0.0,1.0,2018/03/27
@NYTimes,The Ethicist: Must I Tell My Boss I’m Absent Because of Mental Illness? https://t.co/OmG8vR4vhG,41,-0.4019,0.0,0.184,0.816,2018/03/27
@NYTimes,The Getty Conservation Institute helps solve the mystery of brown spots in King Tut’s burial chamber once and for a… https://t.co/z1b0IMpWFl,42,0.5267,0.188,0.0,0.812,2018/03/27
@NYTimes,RT @JanePerlez: Our story on five North Korean defectors who went missing. They pledged to take poison if caught. Did they? Or are they ins…,43,-0.7906,0.0,0.267,0.733,2018/03/27
@NYTimes,"RT @nytopinion: If Bolton and Trump rip up the Iran deal, they will be giving the U.S. what it needs least: international isolation. https:…",44,-0.0772,0.089,0.1,0.812,2018/03/27
@NYTimes,"It's pretty clear how birds, even dinosaurs, got their wings. But how insects got theirs has been a mystery -- unti… https://t.co/AFhD1V40xi",45,0.7003,0.234,0.0,0.766,2018/03/27
@NYTimes,Villanova's team chaplain wants no part of a rivalry with Sister Jean. “As someone who is a product of 16 years of… https://t.co/Q3LX3bNNVk,46,-0.296,0.0,0.099,0.901,2018/03/27
@NYTimes,"RT @NYTHealth: Dr. John Cacioppo, who bridged biology and psychology in exploring the health effects of loneliness, is dead at 66 https://t…",47,-0.7964,0.0,0.262,0.738,2018/03/27
@NYTimes,"The mass expulsion of Russian personnel stationed in the U.S. was the largest ever, eclipsing even the darkest days… https://t.co/XGBpNxeOv1",48,-0.4939,0.0,0.144,0.856,2018/03/27
@NYTimes,"Chris Evans makes his Broadway debut in the astutely acted revival of Kenneth Lonergan’s play, ""Lobby Hero"" https://t.co/LIgBAWJ6B1",49,0.7269,0.321,0.0,0.679,2018/03/27
@NYTimes,"Despite Concerns, Census Will Ask Respondents if They Are U.S. Citizens https://t.co/DvsNaOwgfr",50,0.0,0.0,0.0,1.0,2018/03/27
@NYTimes,A new EPA policy proposal championed by Scott Pruitt would severely restrict the scientific research the agency can… https://t.co/gSQiVxJlT2,51,-0.5267,0.096,0.246,0.658,2018/03/27
@NYTimes,New Orleans Saints cheerleaders have to leave a restaurant if a player comes in. A cheerleader is challenging such… https://t.co/R7WrFuUp0z,52,0.5423,0.286,0.06,0.653,2018/03/27
@NYTimes,"Uber was ordered to suspend testing of its autonomous vehicles on Arizona roads, 8 days after one of its cars struc… https://t.co/MsnkgMhRco",53,-0.3182,0.0,0.103,0.897,2018/03/27
@NYTimes,"RT @NYTMetro: Federal authorities charged Keith Raniere, the head of the Albany-area group Nxivm, with forcing women to engage in sex. http…",54,0.1531,0.099,0.074,0.826,2018/03/27
@NYTimes,The “60 Minutes” interview of Stormy Daniels garnered the highest ratings for the program in almost a decade https://t.co/vZoIYm3ugi,55,0.0,0.0,0.0,1.0,2018/03/27
@NYTimes,"Medical societies and leading neurologists strongly endorse a treatment for stroke, but some ER physicians believe… https://t.co/v9BzB78wi1",56,0.296,0.186,0.0,0.814,2018/03/27
@NYTimes,The Stormy Daniels saga and White House turmoil: Some Republicans fear that the midterm elections will be swayed by… https://t.co/VV8P6AYboK,57,-0.6908,0.0,0.241,0.759,2018/03/27
@NYTimes,RT @NYTScience: There's an 8.5-ton space station that will crash on Earth somewhere in the next week. Don't worry. https://t.co/x5r8BsFXpz,58,-0.0757,0.104,0.117,0.779,2018/03/27
@NYTimes,"Can Defense Secretary Jim Mattis hold the line in President Trump’s ""war cabinet""? https://t.co/28JV7ODldJ https://t.co/5QMTVB2715",59,-0.5267,0.082,0.212,0.707,2018/03/27
@NYTimes,"Tess will spend the next 2 years, at least, scanning the sky for alien worlds https://t.co/uqiiZ7TKcT",60,0.0,0.0,0.0,1.0,2018/03/27
@NYTimes,We have resolved an issue that caused some links to return a page not found on mobile devices. We apologize for the inconvenience.,61,-0.1027,0.126,0.102,0.772,2018/03/27
@NYTimes,RT @nytopinion: E.P.A Administrator Scott Pruitt wants to prohibit his agency from using certain peer-reviewed scientific studies in order…,62,0.2732,0.104,0.0,0.896,2018/03/27
@NYTimes,Evening Briefing: Here's what you need to know at the end of the day https://t.co/PGHd4PlLBN,63,0.0,0.0,0.0,1.0,2018/03/27
@NYTimes,President Trump has stayed in touch with Rob Porter and has told some advisers he hopes Porter returns to work in t… https://t.co/1be8txo0YB,64,-0.2023,0.102,0.131,0.766,2018/03/27
@NYTimes,"Investigators believe a man in Arizona was distributing performance-enhancing drugs on a massive, global scale, yet… https://t.co/oEHmWEZaWQ",65,0.0,0.0,0.0,1.0,2018/03/27
@NYTimes,The Getty Conservation Institute helps solve the mystery of brown spots in King Tut’s burial chamber once and for a… https://t.co/HstzedLBAa,66,0.5267,0.188,0.0,0.812,2018/03/27
@NYTimes,RT @maggieNYT: NEWS: Trump Talks of Bringing Back Rob Porter  https://t.co/1BleAd2VZN,67,-0.5574,0.0,0.265,0.735,2018/03/27
@NYTimes,"Villanova has a beloved team chaplain, too https://t.co/cMje3sdrCj",68,0.5106,0.355,0.0,0.645,2018/03/27
@NYTimes,"RT @nytimesworld: She escaped a 1942 roundup of Jews in Paris, and died in a 2018 hate crime https://t.co/bwlI9EawZ1",69,-0.8957,0.0,0.435,0.565,2018/03/27
@NYTimes,Linda Brown has died. The Kansas schoolgirl came to symbolize the transformative Brown v. Board of Education desegr… https://t.co/a0bJJfESbP,70,-0.5574,0.0,0.167,0.833,2018/03/27
@NYTimes,Planning a trip to Memphis? Here's what you should bring. https://t.co/mXqFo0yzG6,71,0.0,0.0,0.0,1.0,2018/03/27
@NYTimes,Evening Briefing: Here's what you need to know at the end of the day https://t.co/FmmZKTkugK,72,0.0,0.0,0.0,1.0,2018/03/27
@NYTimes,"“This is a deplorable way to treat a veteran who risked his life in combat for our nation,” Senator Tammy Duckworth… https://t.co/GNFXVeadzt",73,-0.1531,0.113,0.179,0.708,2018/03/27
@NYTimes,A sprawling exhibition in Amsterdam looks at how a fascination with Japan shaped van Gogh's work https://t.co/bdRjmcrJEl,74,0.4939,0.186,0.0,0.814,2018/03/27
@NYTimes,"RT @jeligon: .@es_snipes fought vigorously for black lives. What did the movement do to support her? Not enough, friends say. https://t.co/…",75,0.6124,0.274,0.086,0.639,2018/03/27
@NYTimes,Here's how to create your own support system when you don't have a spouse or kids to fall back on https://t.co/OtWwllbDnF,76,0.5859,0.211,0.0,0.789,2018/03/27
@NYTimes,One NYT reader's reaction to President Trump expelling 60 Russians and closing a consulate in response to the poiso… https://t.co/LQXzs3DbW7,77,-0.3818,0.0,0.126,0.874,2018/03/27
@NYTimes,"RT @poniewozik: The new Roseanne has its limits, but it's a revival with more reason for existing than ""Eh, why not?"" https://t.co/jKTC30dG…",78,0.0,0.0,0.0,1.0,2018/03/27
@NYTimes,"RT @NYTScience: Sometime in the next week, a 9.4-ton Chinese space station is expected to come hurtling back to earth. But you probably hav…",79,-0.34,0.0,0.098,0.902,2018/03/27
@NYTimes,A fatal helicopter crash in New York’s East River may have been caused by a passenger’s harness accidentally trippi… https://t.co/Y33509wC43,80,-0.8225,0.0,0.364,0.636,2018/03/27
@NYTimes,The lawyer for the Pulse gunman’s widow wants the case against her thrown out after it was revealed that the gunman… https://t.co/ddOF0vInOO,81,0.0,0.0,0.0,1.0,2018/03/27
@NYTimes,"The “60 Minutes” interview of Stormy Daniels drew 22 million viewers, more than this year’s Grammys (19.8 million)… https://t.co/eaq4o6bsAY",82,0.0,0.0,0.0,1.0,2018/03/27
@NYTimes,"Review: ""Angels in America,"" starring Andrew Garfield and Nathan Lane, is ""flat-out fabulous"" https://t.co/QNh39X6QwQ",83,0.5267,0.207,0.0,0.793,2018/03/27
@NYTimes,"RT @nytimesarts: The diverse and strongly-reviewed ""One Day at a Time"" has been renewed for a third season on Netflix https://t.co/A9Rjr0qd…",84,0.0,0.0,0.0,1.0,2018/03/27
@NYTimes,New Orleans Saints cheerleaders have to leave a restaurant if a player comes in. A cheerleader is challenging such… https://t.co/PUJaP3jtoZ,85,0.5423,0.286,0.06,0.653,2018/03/27
@NYTimes,RT @poniewozik: Stormy Daniels spanked Donald Trump with a network newsmagazine. https://t.co/prQASw7buB,86,0.0,0.0,0.0,1.0,2018/03/27
@NYTimes,The Democratic primary for governor may be less than a week old but the battle between Gov. Cuomo and Cynthia Nixon… https://t.co/7JGUwM3CeI,87,-0.5267,0.0,0.145,0.855,2018/03/27
@NYTimes,Some of the children trapped by the fire sent farewell messages through their social media accounts. Many were repo… https://t.co/yzbFWU01nz,88,-0.7003,0.0,0.244,0.756,2018/03/27
@NYTimes,RT @bydanielvictor: Here's what the Saints require cheerleaders to do to “protect” themselves from players  https://t.co/61MXS7G0kS https:/…,89,0.296,0.121,0.0,0.879,2018/03/27
@NYTimes,Is Kim Jong-un visiting China? A video that appears to show an old-style green train arriving in Beijing is fueling… https://t.co/tUiZEF9TtH,90,0.0,0.0,0.0,1.0,2018/03/27
@NYTimes,"Facebook’s privacy practices are being investigated by the Federal Trade Commission, the government agency confirmed https://t.co/EOcXizO8l4",91,0.0,0.0,0.0,1.0,2018/03/27
@NYTimes,"RT @nytopinion: A bill in Ohio would ban all abortions, full stop. It's part of a larger strategy to make abortions impossible to obtain fo…",92,-0.7003,0.0,0.216,0.784,2018/03/27
@NYTimes,How to care for your skin — while you sleep https://t.co/uoXLBtptOT,93,0.4939,0.262,0.0,0.738,2018/03/27
@NYTimes,"RT @TimHerrera: Hearing — and giving — criticism is super hard! Here's why that is, and some ideas to make it go down easier  https://t.co/…",94,0.7263,0.296,0.136,0.568,2018/03/27
@NYTimes,"You know Sister Jean. Meet Father Rob.
https://t.co/B7m8sZnhju https://t.co/eG4Yo2LcQS",95,-0.5574,0.0,0.31,0.69,2018/03/27
@NYTimes,"After 61 weeks in the White House, President Trump has found 2 people he won’t attack on Twitter: Stormy Daniels an… https://t.co/31KHgrUsMn",96,-0.4767,0.0,0.134,0.866,2018/03/27
@NYTimes,"RT @jeligon: Erica Garner. MarShawn McCarrel. Darren Seals. Muhiyidin Moye. Edward Crawford. Black Lives Matter activists have died young,…",97,-0.5423,0.051,0.166,0.783,2018/03/27
@NYTimes,What we know (and don’t know) about how to lose weight https://t.co/t1b13HuoVg,98,-0.4019,0.0,0.197,0.803,2018/03/27
@NYTimes,"14 European nations joined the U.S. and Canada in expelling scores of Russian diplomats. They include Germany, Fran… https://t.co/GF3XQdxSO6",99,-0.3818,0.0,0.126,0.874,2018/03/27
